step	time	T	Ekin	lj	bond_124	angle_252	dihedral_190	lj-14_0	lj-14_1	P
1000	1	3.47745	39121.3	-35531.8	14233.3	17573	77047.7	515.171	17762.3	-9.64561
2000	2	3.54057	39831.4	-35991.4	14077.5	17352.2	77150	439.338	17524.2	-5.55829
3000	3	3.46871	39023	-36042.5	14025.6	17335	77220.4	394.314	17848	27.3793
4000	4	3.58446	40325.2	-36021.2	14453.8	17146.9	77678.8	413.034	17684.2	-9.71884
5000	5	3.52078	39608.7	-36020.8	14107.4	17745.3	77970.5	402.458	17409.3	7.28277
6000	6	3.54301	39858.9	-35816.5	14221.9	17155.1	77642	447.846	17814	28.6202
7000	7	3.54243	39852.3	-35943.5	14186.5	17369.3	77695	479.065	17429.2	8.0886
8000	8	3.55773	40024.5	-35764.5	14032.8	17310.4	77819.4	397.626	17733	1.76849
9000	9	3.49948	39369.2	-35915.4	14042	16850.4	77756.1	398.98	17669.5	1.12613
10000	10	3.55358	39977.8	-35835.8	14169.9	17291.4	77675.8	496.644	17519.2	-37.4119
11000	11	3.55187	39958.6	-35894	14446.8	17405.6	77931	400.391	17208.9	-33.4315
12000	12	3.55117	39950.7	-35706.7	13837.7	17660	77373.6	429.612	17715.8	14.3541
13000	13	3.51727	39569.3	-35652.2	14108.4	17684.5	77011.1	457.618	17734.9	4.51931
14000	14	3.4886	39246.8	-35681.2	13973.2	17673.5	76913.2	435.363	17660.4	-0.630962
15000	15	3.47545	39098.8	-35939	14562.4	17548.3	76731.2	403.225	18144	-10.7468
16000	16	3.5272	39681.1	-35665.2	14032	17257.2	77073.7	436.882	17851.1	-11.2608
17000	17	3.51275	39518.4	-35639.9	14388.1	17547.7	77090	411.671	17694.3	-34.5898
18000	18	3.48913	39252.7	-35870.6	13948	17684.6	77377.2	377.391	17685.7	46.0345
19000	19	3.50754	39459.8	-35840.9	14258.8	17402.6	77777.6	374.637	17626.5	17.575
20000	20	3.53115	39725.5	-36061.9	14312.1	17182.2	77970	448.362	17522.3	-1.9157
21000	21	3.52857	39696.4	-36057.1	13963.3	17441.1	77804	443.946	17387.4	0.159885
22000	22	3.51163	39505.9	-35951.3	14157.9	17494.1	77973.8	402.826	17389.8	0.17264
23000	23	3.5329	39745.1	-35746.9	14214.8	17419.1	77778.4	395.025	17410.2	11.2956
24000	24	3.55432	39986.1	-36030.2	14019.8	16715.5	77480	477.672	17977.5	14.0798
25000	25	3.48155	39167.5	-36073.4	14195.5	17735.6	77246.5	404.581	17633.9	-33.2518
26000	26	3.48638	39221.7	-36059.4	14392.6	17801	77437.5	398.071	17300.6	-43.4461
27000	27	3.48261	39179.4	-35827.6	14077.8	17729.2	77680.1	424.482	17511	-18.3665
28000	28	3.55483	39991.8	-36041.4	14324.5	17531.4	77468.9	379.162	17623.1	7.63923
29000	29	3.53548	39774.2	-36288.7	13742.8	17314.7	77747.4	344.143	17537.6	19.3293
30000	30	3.58752	40359.6	-35838.3	13851.1	17698.9	77564.1	359.955	17237.9	7.92223
31000	31	3.57003	40162.8	-35896.4	13918.2	17282.8	77928.6	448.111	17598	31.9082
32000	32	3.51733	39570	-35857.1	14293.1	16974.3	77336.9	435.489	17511.4	-10.7599
33000	33	3.50066	39382.4	-35789.3	13777.8	17687.9	77560.6	443.297	17367.7	13.464
34000	34	3.52091	39610.2	-35769.9	14486	17268.2	77296.5	310.42	17766	-8.5062
35000	35	3.5422	39849.8	-35775.7	14232.6	17471.2	77382.4	447.314	17495.5	3.59335
36000	36	3.49101	39273.8	-35823.4	13828.1	17313.8	77139.5	465.507	17399.1	3.37073
37000	37	3.53488	39767.4	-36038.8	14425.9	17192.3	77603.6	355.018	17295.5	-34.0795
38000	38	3.53023	39715.1	-35913.8	13793	17243.8	77181	318.996	17955.6	8.12819
39000	39	3.55538	39998	-35913.9	14355	17805	77225.2	401.236	17669.5	-9.89233
40000	40	3.46576	38989.8	-35791.2	14147.9	16864.2	77196.3	331.827	18043.8	15.9775
41000	41	3.56651	40123.2	-35890.3	14147.9	17355.2	77498.9	443.684	17680.1	15.7634
42000	42	3.51538	39548.1	-35932	14170.1	17904.6	76999.8	421.706	17471.4	-18.4927
43000	43	3.51749	39571.7	-35904.8	14456.6	17229.4	77388.2	432.716	17397	-14.4954
44000	44	3.53712	39792.6	-36007	14039	17837.6	77588.8	415.957	17235.9	13.8737
45000	45	3.51984	39598.2	-35731.5	14065.9	17225.7	77416.5	442.777	17476.9	-12.3595
46000	46	3.54897	39926	-35744.5	14412.5	16594.4	78093.9	314.295	17592.4	1.98993
47000	47	3.50973	39484.5	-35801.1	14074.8	16878.7	77681.2	408.334	17956.6	23.8258
48000	48	3.5614	40065.7	-35878.4	14305.9	17625.4	77556.2	470.37	17514.8	-3.1176
49000	49	3.54576	39889.8	-35962.4	14056.4	17392	77860.1	483.913	17415.4	3.44502
50000	50	3.52627	39670.5	-36006.7	13978.6	16884.7	78042	416.717	17042.3	-60.5437
51000	51	3.55077	39946.1	-35856.3	14117.3	17954.4	77096.6	406.611	17463.9	15.1933
52000	52	3.4989	39362.6	-36035.7	13891.2	17206.5	77804.4	345.078	17775.3	20.3896
53000	53	3.56815	40141.7	-35913.9	14422.4	17611.4	77715.2	398.287	17913.6	3.51975
54000	54	3.52701	39678.9	-35737	14426.7	17374.9	77152.2	397.338	17830	10.9982
55000	55	3.5684	40144.5	-35877.9	13917.2	17522.9	76702.5	458.838	17936.4	4.64596
56000	56	3.49297	39295.9	-35794.8	14148.4	17546.9	77520.9	362.841	17491.2	3.49188
57000	57	3.49087	39272.3	-35962.5	13907.6	17613.2	77421.1	370.497	17617.5	3.88233
58000	58	3.49769	39349	-35857	14053.5	16957.7	77043	372.66	17967.1	1.54024
59000	59	3.54385	39868.3	-35844.9	14064.2	17321.7	77669.5	435.939	17418.9	-22.1936
60000	60	3.50576	39439.8	-35807.6	14231.1	17902.3	77226.5	373.968	17801.1	13.9651
61000	61	3.5434	39863.2	-35896.2	13924.8	17598	77370.3	428.975	17555.3	31.1132
62000	62	3.54097	39835.9	-35925.8	14220.5	17108	77139.8	484.112	17684.8	17.3077
63000	63	3.56578	40115.1	-35907.7	14488.4	17756.8	76842.4	455.042	17503.8	-23.8499
64000	64	3.5094	39480.7	-35736.1	14304.3	17771.5	77050.3	417.197	17738.7	4.01901
65000	65	3.48797	39239.6	-35904.5	14073.4	17402.4	77539.9	459.852	17793.4	10.0428
66000	66	3.55236	39964	-36007.6	13886.1	17116.7	77640.7	381.533	17747.8	-3.19858
67000	67	3.52163	39618.4	-35913	14572.1	17156.2	77900.5	441.877	17411.1	-4.85631
68000	68	3.5042	39422.2	-36005.8	13910.1	17638.9	77728.8	434.744	17556.1	10.3526
69000	69	3.52963	39708.4	-35975.4	14202.5	17146.9	77827.1	490.524	17658.6	18.8875
70000	70	3.53465	39764.9	-35871.2	14256.8	17213.6	77340.3	390.546	17706.7	-9.6834
71000	71	3.55027	39940.5	-35896.7	14128.2	17753.4	77056.8	429.891	17472.6	-10.7527
72000	72	3.47316	39073	-35871.4	13961.7	17044.6	77916.4	378.164	17552.7	9.57241
73000	73	3.48633	39221.2	-35813	14248.5	17766.3	77127.9	440.284	17808.1	-0.462326
74000	74	3.53609	39781	-35995.9	14136.2	17995.2	76737.3	512.951	17841.3	10.7857
75000	75	3.55945	40043.8	-35764.7	14561.6	17389.3	77126.7	367.384	17807.8	-32.6824
76000	76	3.53895	39813.2	-35965.3	13860	17156.2	77355.2	366.806	17869.8	-12.8231
77000	77	3.49266	39292.4	-35969.9	14490.4	17268.3	78062	475.55	17290.4	-2.02244
78000	78	3.54101	39836.4	-36041.3	14398.8	16609.7	77915.3	433.32	17621.5	1.7603
79000	79	3.56719	40130.9	-35816.4	14443.1	17134.2	77731.9	416.873	17659	36.7085
80000	80	3.46626	38995.4	-35957.1	14644.9	17461	76986.8	403.333	18068.5	-1.93626
81000	81	3.54425	39872.8	-35758.3	14538	17943.8	76843.2	453.969	17516.9	-15.3529
82000	82	3.51093	39497.9	-36023.2	14132.4	17180.5	77022.5	459.204	18245.4	-10.1309
83000	83	3.53726	39794.1	-35961.1	14325.3	17392.5	77186.4	431.698	17590.8	6.81093
84000	84	3.49887	39362.2	-36038.3	14345.3	17175.6	77629.3	491.543	17430.4	-33.3805
85000	85	3.51051	39493.3	-35833.4	14050.9	17502.8	77140.6	407.194	17821.9	-14.9007
86000	86	3.53212	39736.4	-35683.3	14217.1	17563.2	77502.3	465.802	17476.4	-24.6758
87000	87	3.53597	39779.6	-35837.2	14213.4	17201.7	77635.4	468.98	17377.2	-1.16561
88000	88	3.51129	39502	-35834.7	14068.4	17342.8	77230.5	468.762	17787.4	31.6059
89000	89	3.51537	39547.9	-35449.6	14368.4	17367.3	76850	431.46	18384	-3.61332
90000	90	3.52815	39691.7	-35918.4	14286.8	17815.3	77406.7	457.546	17511.7	4.26103
91000	91	3.54333	39862.4	-35676.4	14123.2	17750.9	77315	400.893	17750.9	44.2433
92000	92	3.56749	40134.3	-35924.3	14098.2	17611.3	77432.1	431.243	17403.4	5.36682
93000	93	3.49651	39335.8	-35976.8	14301.3	17191.9	77904.5	364.565	17627.1	-14.1745
94000	94	3.45149	38829.3	-35633.4	13796.8	17301.6	77551.7	337.885	17730	17.789
95000	95	3.42232	38501.1	-35809.8	13719.6	17489.3	77579.1	368.023	17551	22.2718
96000	96	3.5124	39514.5	-35823.5	13937.9	17934.2	76680.8	439.768	18021.3	10.9706
97000	97	3.4781	39128.6	-35895.9	13979	17321.2	77052.9	404.678	17917.9	-5.06113
98000	98	3.51664	39562.2	-35735.1	13995.8	17944.6	77102.3	346.309	17542	-6.32055
99000	99	3.52347	39639	-35914.7	14098.6	17460.2	77510.3	349.219	17484.8	-3.4178
100000	100	3.55677	40013.6	-35796.6	14299.9	17954.8	76618.2	381.608	17540.5	-18.4956
101000	101	3.51794	39576.8	-36020.7	14315.5	17180.7	77868.2	368.061	17643	0.909649
102000	102	3.51037	39491.6	-35792.4	14102.5	17954.3	76867.8	398.821	17920.2	11.1931
103000	103	3.5015	39391.8	-35855.9	14069.5	17801.4	77273.3	399.197	17633.8	-3.5121
104000	104	3.54281	39856.6	-36134.2	14067.2	17901.5	77488	357.225	17646	0.938972
105000	105	3.52189	39621.2	-35811	13854.3	17425.1	77414	468.116	17764	31.7471
106000	106	3.54176	39844.8	-35673.1	13886.9	17494.8	77730.3	442.207	17615.5	24.4067
107000	107	3.54556	39887.6	-35802.1	14138.9	17565.3	77043.1	466.859	17672	19.138
108000	108	3.53234	39738.8	-35880.4	14231.2	17841.2	76629.5	404.8	17845.5	-11.5373
109000	109	3.48656	39223.8	-35930	14517.9	17831.2	77022.5	486.405	17385	-35.2931
110000	110	3.5282	39692.3	-35972.8	14106.1	17652.5	77593.9	408.827	17576.8	-8.44355
111000	111	3.47938	39143.1	-35816.6	14158.6	17867.9	76855	490.357	17887.9	10.7333
112000	112	3.58293	40307.9	-35981.3	13729	17137.1	77053.3	400.892	18034.1	12.9924
113000	113	3.50419	39422.2	-36002.1	14427.3	17210.7	77504.8	394.782	17416.7	-23.1123
114000	114	3.48877	39248.7	-35813.6	13866.1	17023.5	77407.9	420.845	17756.6	11.4159
115000	115	3.5084	39469.5	-35865.8	14384.7	17323.7	77103.9	426.789	17931.6	5.24602
116000	116	3.52823	39692.6	-35897.6	13948	17281.5	77899.9	409.834	17819.8	35.473
117000	117	3.50359	39415.4	-35808.2	14256.7	17178.8	78018.7	449.076	17091.1	-4.01115
118000	118	3.54673	39900.7	-35897.4	14155.7	17267.7	77644.7	405.226	17466.9	-21.9263
119000	119	3.48373	39192	-35760	13975.9	17613.2	77171.8	460.278	17500.2	9.2489
120000	120	3.50186	39395.9	-35643.3	14248.9	16866.5	77778.7	416.343	17507.8	-6.50687
121000	121	3.53215	39736.6	-35835.3	14770.5	17647.1	77124	413.249	17614.2	-19.4586
122000	122	3.55144	39953.7	-36019.3	14019	17680	77651.2	389.717	17244.4	-21.6215
123000	123	3.53437	39761.7	-35937.3	14138.8	17425.7	77828.8	473.225	17169.3	-14.6181
124000	124	3.56312	40085.1	-36079.5	14281.2	17088.8	77596.2	335.71	17518.3	5.18666
125000	125	3.54633	39896.2	-35927.6	13755.7	16876.9	77985.4	422.072	17272.6	-1.37406
126000	126	3.50279	39406.3	-35936.3	13916.3	17403.2	77522.1	424.264	17433.1	-15.4723
127000	127	3.51068	39495.1	-35922.5	14167.9	17687.4	77404.9	482.735	17593	15.2372
128000	128	3.50042	39379.8	-35753.2	13888.5	17576.1	77526.9	425.168	17645.1	-2.19146
129000	129	3.59949	40494.3	-35837.5	14009.5	17374	77940	338.87	17720.7	39.9346
130000	130	3.50019	39377.2	-35765.5	13454	17543.2	77064.5	396.976	17912.2	19.5685
131000	131	3.475	39093.8	-35989.4	13773.9	17528.2	77569.8	338.088	17585.5	-0.579881
132000	132	3.55135	39952.6	-35722.3	13914.8	17437.9	77215.9	397.424	17560.8	11.5093
133000	133	3.51153	39504.7	-35734.7	14171.7	17248.1	77479.4	413.618	17450.1	-25.0518
134000	134	3.49069	39270.2	-35868.8	14209.2	16947.8	77607.5	462.595	17589.9	-22.0241
135000	135	3.56416	40096.8	-35679.4	14247	17327.7	77374.7	444.498	17500.6	-17.2593
136000	136	3.51107	39499.5	-35843.1	14186.5	17123.8	77749.3	423.538	17484.6	-9.60923
137000	137	3.53275	39743.4	-35891.3	14103.5	17312	77309.2	373.409	17879.5	7.55076
138000	138	3.54125	39839.1	-35816.9	13825.8	17601.3	77793.2	400.281	17393.4	12.658
139000	139	3.52664	39674.7	-35995.4	13551	17922.6	77534	339.354	17752.9	13.996
140000	140	3.55784	40025.8	-36031.9	14274.7	17335.9	77895.3	411.118	17306.2	-11.9301
141000	141	3.54397	39869.7	-36095.3	14089.8	17432.1	77480.4	461.423	17438.6	-22.5653
142000	142	3.49544	39323.7	-36088.8	13942.3	17588.1	77675.2	399.279	17453.1	-38.5816
143000	143	3.54489	39880	-35867.2	14289.3	17798.5	76912.6	402.477	17846.6	16.7867
144000	144	3.5305	39718.1	-35787.1	14290.3	17473.2	76666.8	373.986	17842	-17.6064
145000	145	3.52517	39658.2	-35793.3	14153.2	17802.2	76941.9	390.623	17907.1	35.782
146000	146	3.46843	39019.8	-35836.5	13900	17170	77288.3	390.348	17697.3	19.7935
147000	147	3.51682	39564.2	-35857	14300.1	17667.4	76983.2	344.131	17483.6	-32.6311
148000	148	3.5655	40111.9	-35810.6	14038.8	17942.9	76658.1	360.219	17819.4	-13.4914
149000	149	3.50543	39436.1	-35868.3	13851.8	17326.4	77073.5	375.606	17822.9	30.2855
150000	150	3.51621	39557.3	-35741.4	13976.2	17652.1	77495.5	411.607	17179.6	-27.468
151000	151	3.52601	39667.7	-35920.9	13744.5	17288.3	77821.1	358.876	17548.4	-12.1972
152000	152	3.49982	39373	-35827.9	14645.6	17108.9	77162.1	424.299	17899.7	-5.63907
153000	153	3.56855	40146.2	-35921.9	14129.1	17839.7	77061.3	424.275	17421.7	-12.8619
154000	154	3.47545	39098.9	-35897.4	14031.5	16986.3	77182	400.042	17548.2	-18.2664
155000	155	3.4694	39030.7	-35690	14279.7	17937.3	76878.7	432.541	17816.3	-19.1308
156000	156	3.48183	39170.6	-35958.1	14282.3	17231.3	77315.8	452.905	17837.2	-9.58587
157000	157	3.55546	39998.9	-35707.3	14285.3	16825.6	77757.5	429.038	17777.7	1.45558
158000	158	3.53724	39794	-35699.4	14416.6	17353.1	78090.2	412.815	16873.3	-31.1795
159000	159	3.51083	39496.8	-35786	13953.9	17413.4	78031.7	349.388	17448.2	9.06393
160000	160	3.52001	39600.1	-35844.6	14644.8	17035.1	77428.6	396.681	17816.7	-24.0797
161000	161	3.52681	39676.6	-36235.9	14448.2	17617.4	78206.3	365.594	16994.6	-44.7032
162000	162	3.51655	39561.2	-36061.9	14128.3	17974.5	77382.7	338.484	17743	9.60139
163000	163	3.45042	38817.3	-35666.7	14037.4	17978.9	77223.4	398.798	17352	-22.9207
164000	164	3.54094	39835.5	-35899	14526	17990.2	77339.8	394.04	17672.4	-12.1281
165000	165	3.5491	39927.4	-35872.4	13703.6	17397.9	77974.6	424.156	17617.3	53.0007
166000	166	3.57278	40193.8	-35803.5	14642.2	17396.5	77731.1	344.974	17479.8	-7.9277
167000	167	3.58384	40318.2	-35937.8	14497.8	17136.3	77857	436.472	17444	2.35974
168000	168	3.49671	39338	-35689.3	14098	17759	77596.8	430	17485.8	25.9708
169000	169	3.46818	39017	-35973.3	13997.3	17026.5	77976.4	435.271	17330.4	-18.1535
170000	170	3.53622	39782.5	-35989.4	14351.9	17064.2	78135.9	394.223	17381.5	4.06725
171000	171	3.50839	39469.4	-35970.5	14349.3	17329	78001.1	415.206	17423.7	-19.207
172000	172	3.51912	39590.1	-35638.9	14273.4	17103.4	77959.2	418.96	17322.5	31.0136
173000	173	3.52867	39697.5	-36044.9	13893.4	17712.2	77163.6	472.039	17603.7	18.0277
174000	174	3.51645	39560	-35901.3	13913.8	17238.7	77492.1	428.457	17533.5	-11.1349
175000	175	3.51532	39547.4	-35899.7	13949.2	17418.3	78003.2	430.075	17533.9	28.3116
176000	176	3.49128	39276.9	-35769.4	14662.8	17089.4	78270.3	342.137	17252	-25.8409
177000	177	3.51081	39496.6	-35858.8	13717.9	17480.6	77945.4	439.527	17065.2	-4.19095
178000	178	3.57733	40245	-36141.1	14223.2	17264.7	78131.5	422.834	17114.9	-1.07722
179000	179	3.51092	39497.8	-35837.1	14247.2	17521.5	77914.7	371.196	17532.3	20.9976
180000	180	3.56396	40094.5	-35638	13965.4	17817.9	77761.6	335.936	17529.3	14.3989
181000	181	3.47468	39090.2	-35827.9	13727.7	17280.5	78079.1	393.908	17150.4	25.9163
182000	182	3.54834	39918.8	-35778.2	14058.9	17471.4	77593.7	409.024	17714.1	14.8362
183000	183	3.49634	39333.8	-35768.5	14131.2	17171.8	77653	373.572	17788.1	3.72568
184000	184	3.52225	39625.4	-35977.6	14049.6	17373.1	77794	438.212	17226.5	1.67828
185000	185	3.5413	39839.7	-35843.6	13966	17303.4	78055.5	421.128	17264.2	11.8506
186000	186	3.55961	40045.6	-35789.9	14310.3	17312.7	77670.2	361.789	17661.2	5.71064
187000	187	3.49429	39310.7	-35880.8	13845.7	17338.1	78045.3	377.061	17621.4	44.1649
188000	188	3.46845	39020	-35789.9	14437.7	16880.6	77690.9	429.553	17530	-0.456541
189000	189	3.53114	39725.4	-35966.1	14518.4	17285.1	77552.3	417.903	17761.1	-14.0817
190000	190	3.53069	39720.2	-35575.6	14198.1	17578	77495.5	352.27	17652.4	-24.3896
191000	191	3.50279	39406.4	-35879.1	14119.8	17373.8	77538.1	388.334	17931.1	22.2867
192000	192	3.54195	39846.9	-35812.1	14085.7	17445.1	77424.8	394.102	17641	19.3879
193000	193	3.52062	39607	-36045.3	14287.4	17372.8	77866.4	371.551	17358	-12.1605
194000	194	3.4921	39286.1	-35870.5	14166.3	17135.9	78098.7	401.94	17354.9	6.62178
195000	195	3.47831	39131	-35924.7	14289.2	16912.7	77699.4	404.417	17493.4	7.62635
196000	196	3.51687	39564.8	-36122.3	14123.2	17813.6	77817.1	412.263	17409.7	-6.46834
197000	197	3.50795	39464.4	-36080.1	14044.5	17457.6	77757.8	357.091	17435.5	-6.39983
198000	198	3.50325	39411.5	-35809.4	13996.6	16868.7	78018.2	406.798	17326.5	8.75486
199000	199	3.5595	40044.4	-36076.6	13665.4	17118.8	78050.1	401.408	17300.9	-10.9168
200000	200	3.58229	40300.8	-35749.9	14156.6	17212.4	77955.1	415.852	17450.3	14.185
201000	201	3.51058	39494.1	-35779.8	13742.1	17143.1	78045.2	399.1	17200.7	-7.77745
202000	202	3.48923	39253.9	-36052.4	14474.6	17770.8	77568.4	478.599	17470	0.483676
203000	203	3.51035	39491.5	-36091.5	14170.2	17245.8	77893.2	457.67	17335.9	-16.4836
204000	204	3.53099	39723.6	-35998.6	13999.1	17634.4	77924.6	399.447	17500.8	14.1343
205000	205	3.54952	39932.1	-35911.2	14481.5	17497.2	77780.5	428.688	17437.4	-0.613072
206000	206	3.51411	39533.8	-35952.6	14497.5	16889.5	77981.2	347.04	17497.1	-31.089
207000	207	3.5645	40100.7	-35984.4	14414.4	17176.4	78124.7	329.61	17371.5	-1.47635
208000	208	3.48829	39243.2	-35905.3	14010	17027	77841.7	438.495	17132.9	-45.0546
209000	209	3.48845	39245	-35743	13643.5	17437.6	77153.8	348.514	18033.6	13.2325
210000	210	3.54583	39890.5	-36019.4	14306.1	17402.7	77105.7	454.673	17873	1.68247
211000	211	3.55432	39986.1	-35846.8	14085.5	17935.8	77477.8	391.124	17588.5	-11.1884
212000	212	3.50145	39391.3	-35992.1	14345.2	17523.1	76997.7	426.212	17519.3	-35.059
213000	213	3.46879	39023.9	-36099.2	14149.2	16927.2	77963.6	384.966	17491.7	-26.6855
214000	214	3.50659	39449.1	-35863.9	14635.8	17150.7	77971.6	424.462	17583.6	-18.4879
215000	215	3.53683	39789.4	-35829.9	14179.5	17501.4	77525.5	379.521	17758.4	21.143
216000	216	3.48964	39258.5	-36031.5	14048.9	17181.8	77717.6	420.373	17570.4	9.5323
217000	217	3.45251	38840.8	-35801.2	14230	17424	77653.8	434.008	17386.8	-34.8572
218000	218	3.53891	39812.7	-36070	14309.8	17366.6	77707.8	475.91	17582.2	6.43602
219000	219	3.53277	39743.7	-36014.8	14472.2	17363.3	78001.7	384.712	17315.8	-2.05991
220000	220	3.55355	39977.4	-35845.6	13734	17242	77724.9	403.74	17418.7	15.7338
221000	221	3.52216	39624.3	-35876	14277	17348.3	78170.9	373.023	17547.5	-9.09189
222000	222	3.54165	39843.6	-35908.1	14157.6	16817.9	78146.1	361.086	17348.6	-2.75954
223000	223	3.53696	39790.8	-36008.8	13887.8	17291	78397.4	477.755	17249.8	37.2544
224000	224	3.56863	40147.1	-35828.8	13965.9	17493.7	77683.3	439.507	17309.4	16.0323
225000	225	3.50468	39427.6	-35943.8	14262.2	16715.4	78053.4	446.854	17373.5	-0.215983
226000	226	3.46324	38961.4	-36072.4	14069.2	17180.2	78525.9	376.256	17365	15.1275
227000	227	3.53263	39742.1	-35767.8	13897.5	17298.9	78064.9	360.18	17448.5	41.7111
228000	228	3.48493	39205.5	-35783.7	13956.5	16970.7	78247.1	430.679	17704.7	41.6929
229000	229	3.54439	39874.3	-35698.8	14160.6	16861.6	77912.8	437.064	17431.1	5.55701
230000	230	3.49499	39318.6	-35744.5	14236.5	17269.5	77806.7	479.962	17610	-5.43964
231000	231	3.49095	39273.2	-36193.8	14357	17486.8	77898.3	426.014	17405.5	-13.1074
232000	232	3.55418	39984.6	-36135.6	13965.5	17601.2	78263.5	467.328	17126.4	-8.33728
233000	233	3.54199	39847.4	-36245.3	14443.9	17026.4	77654.7	437.668	17486.5	-13.729
234000	234	3.55156	39955	-35893.2	14396.5	17177	76922.8	395.18	17872.4	-1.79126
235000	235	3.5299	39711.4	-35985.4	13614.8	17531.9	77306.7	449.364	17338.7	18.4095
236000	236	3.53058	39719.1	-36029.3	14070.2	17381.3	77655.3	432.468	17267.7	-8.31699
237000	237	3.55507	39994.5	-36017.6	14080.4	17241.8	77542.8	434.625	17818.7	26.4709
238000	238	3.4974	39345.8	-35979.2	14064.1	16913	77001.8	525.711	18021.5	25.066
239000	239	3.54532	39884.9	-35924.3	14060.4	17390.2	77305.6	386.302	17593.9	19.3183
240000	240	3.52667	39675.1	-36060	14105.3	17050.4	77779.4	375.864	17728.4	1.1562
241000	241	3.47992	39149.1	-35970.9	14431.7	17535.9	77372.2	387.085	17822.3	-0.584164
242000	242	3.51942	39593.5	-35957.6	14066.8	16723.1	77675	438.476	17680.9	-22.639
243000	243	3.44654	38773.6	-35990.5	14439.8	17483.5	77453.3	408.446	17424.9	-22.1947
244000	244	3.49415	39309.2	-35747.3	14176.5	17459.1	76726	421.391	17759.3	17.9463
245000	245	3.51939	39593.2	-35935.6	13824.1	17355.2	77679.2	402.338	17337.4	7.81711
246000	246	3.51772	39574.4	-35927.9	13765.7	17905.1	77023.6	428.032	17564.3	6.71232
247000	247	3.5086	39471.7	-35969.9	13993.7	17882.1	77302.5	340.866	17787.7	3.76374
248000	248	3.55852	40033.3	-35784.2	14074.4	17835.7	77634	367.685	17154.9	-6.81191
249000	249	3.48978	39260	-36012	14062.4	17422.8	77358.4	401.21	17669.9	-27.7148
250000	250	3.51521	39546.1	-36089.9	14244.9	17592.9	77407.9	339.348	17647.3	-19.3953
251000	251	3.52087	39609.7	-36019.9	13825.8	17226.6	77207.4	366.653	17887	-0.990847
252000	252	3.48853	39246	-35884.3	13683.3	17158.5	77367.2	362.443	17890	42.2461
253000	253	3.5286	39696.8	-35802.7	14089.3	17625.8	77255.9	398.251	17610.6	-2.71126
254000	254	3.49854	39358.6	-36021.8	14300.1	17855	77233.6	397.344	17709.8	-21.2125
255000	255	3.49747	39346.6	-36068.7	14235.4	17341.7	78155.4	435.208	17338.2	-1.63982
256000	256	3.54652	39898.4	-36043.5	14384.4	17516.9	77826.3	378.014	17400	4.3882
257000	257	3.48271	39180.5	-35922.1	14779.7	17346.4	77321.6	436.765	17643	-30.9081
258000	258	3.51024	39490.2	-36087.4	14190.5	17151.4	77829.8	459.38	17527.6	-31.131
259000	259	3.4681	39016.1	-35842.7	14361.9	17769.4	77096.9	461.862	17669.5	-3.97198
260000	260	3.49583	39328.1	-36014.7	14014	17537.6	77818	400.525	17397.4	-6.04049
261000	261	3.52963	39708.3	-35883	13652.9	17678.5	77178.1	399.292	17703.8	6.46617
262000	262	3.51234	39513.9	-35870.7	14328.9	17400.4	77498.6	344.422	17600.7	-28.071
263000	263	3.51131	39502.2	-35812.2	14032	16968.6	77449	346.561	17969.8	64.2998
264000	264	3.52261	39629.4	-35798.1	14371.9	17505.7	77890	341.397	17350.5	-22.5223
265000	265	3.57942	40268.5	-35821.2	14384.8	17272.5	77627.3	453.086	17584.9	10.2522
266000	266	3.50163	39393.3	-35736.8	13648.6	17259.5	77809.9	359.441	17494.4	19.0677
267000	267	3.53466	39764.9	-35959.9	13815.5	16876.1	77826.4	368.812	18094.8	24.3804
268000	268	3.50794	39464.4	-35865.5	14010.9	17675.9	77242.1	443.807	17799.2	10.0821
269000	269	3.52186	39621	-35857.8	14289	17441.9	77362.7	369.264	17801.2	-2.09035
270000	270	3.4607	38932.9	-36111.4	14013.9	17766.8	76936	374.659	17624.2	-24.6518
271000	271	3.48059	39156.6	-35840.2	13799.4	17285.7	76943.7	360.014	18012.7	12.0343
272000	272	3.46143	38941.1	-35582	14173	17299.6	77161.6	397.564	17857.8	46.9195
273000	273	3.5555	39999.3	-35653	14213.2	17290.6	76886.5	483.694	17948.3	5.86185
274000	274	3.5143	39535.9	-35880.8	14049.2	17492.8	77744.5	326.273	17457.4	-0.630151
275000	275	3.52869	39697.8	-35901.3	14097.5	17617.1	77497.6	360.279	17553.5	-4.86197
276000	276	3.55532	39997.3	-36204.7	14409.3	17404.1	77734.2	397.28	17417.9	-30.6111
277000	277	3.54641	39897.1	-35902.9	14214.4	17426.4	77544	410.605	17669.9	26.6005
278000	278	3.50676	39451.1	-36037.5	14013.8	17561.9	77272.7	408.068	17834.1	15.1471
279000	279	3.54216	39849.3	-35973.6	14394	17818.2	77054	411.147	17792	5.41049
280000	280	3.48486	39204.7	-35777.1	14138.1	17600.5	77263.9	420.126	17765.2	18.7783
281000	281	3.5359	39778.8	-35866.7	14133.8	17370.7	78116.1	372.828	17419.8	-36.1486
282000	282	3.45784	38900.7	-35991.8	13870.9	17243.6	77650.5	406.261	17517	-4.61058
283000	283	3.51076	39496.1	-35833.8	14323.5	17037	77584.7	388.584	17636.6	17.3898
284000	284	3.52217	39624.4	-35981.4	14180.4	17190	77405.6	465.759	17575.1	-10.6485
285000	285	3.52532	39659.8	-35781	14175.7	17539.6	77635.9	413.762	17474.2	-8.78506
286000	286	3.48328	39186.9	-36106.2	13906.8	17149.2	77746.8	445.128	17533.2	-18.4746
287000	287	3.5236	39640.5	-36188.5	14168.3	17270.9	77646.2	432.088	17801.7	-5.83184
288000	288	3.48154	39167.3	-35947.9	14060.7	17412	77283.2	413.366	17802.2	10.0832
289000	289	3.52024	39602.7	-35858.5	13882.3	17126.6	77889	452.464	17583.9	38.9652
290000	290	3.53644	39785	-35744.9	14408.4	16729.1	77775.4	376.36	17845.7	35.6728
291000	291	3.48769	39236.5	-35829.2	14080.6	17107.6	77866	366.827	17603.9	23.989
292000	292	3.47893	39137.9	-35717.6	14139.9	17505.4	77263.7	394.037	17687.6	-1.7807
293000	293	3.56406	40095.6	-35747.7	13873.1	17116.6	77569.6	415.032	17575	3.49471
294000	294	3.50596	39442.1	-36034.8	14217.1	17382.8	77392.6	385.65	17782.6	-3.27419
295000	295	3.55199	39959.9	-35891.1	13884.5	17804	77667.8	397.137	17489.8	17.8301
296000	296	3.50455	39426.2	-35904.6	13935.7	17600.6	77463.3	414.539	17762.4	28.21
297000	297	3.51622	39557.5	-35725.7	13474	17898	77161.1	454.061	17850.7	19.0003
298000	298	3.51369	39529	-36055.4	14221.9	17605.3	77510.9	419.399	17604.8	-3.07119
299000	299	3.47269	39067.8	-35797.7	14224.8	17536.6	77412.8	394.19	17963.1	18.4747
300000	300	3.51802	39577.7	-35834.3	14210	17566.8	77660.3	465.635	17403.4	0.928242
301000	301	3.46962	39033.3	-35848.8	14101	17286.4	77555.8	400.577	17708.8	40.7193
302000	302	3.53376	39754.8	-35982.8	14182.4	16969	77565.8	402.737	17627.3	-55.2644
303000	303	3.46943	39031.1	-35995.9	14310.6	17827.9	78159.7	379.344	17243.7	1.54216
304000	304	3.53222	39737.5	-35890.3	14045.9	17370.6	77648.7	330.866	17839.7	39.0437
305000	305	3.5174	39570.7	-35667.8	14278.8	17837	77357.3	466.663	17418.1	-18.8595
306000	306	3.49083	39271.9	-35899.9	13931.6	17292.5	77777.5	441.095	17561.4	4.08718
307000	307	3.53879	39811.4	-36225.6	13924.9	18114.4	77219.7	384.305	17723.7	16.5484
308000	308	3.46019	38927.1	-35967.2	14069.6	17491.7	78398.5	427.301	17191.7	2.45103
309000	309	3.53225	39737.8	-35712.6	14412.4	17503.1	77836.4	424.231	17372.5	8.40017
310000	310	3.49682	39339.2	-36061	14406.8	17715.3	77260.1	434.15	17446.1	-22.7577
311000	311	3.44395	38744.4	-35984	14361.5	17611.9	77346.5	355.643	17819	31.0903
312000	312	3.48333	39187.4	-35882.3	14208.4	17632.9	77552.4	420.918	17392.5	6.34989
313000	313	3.51748	39571.7	-35929.1	13984.9	17172.2	77645.3	410.929	17551.9	13.1906
314000	314	3.5411	39837.3	-36061.6	14017.5	17301.6	78044.9	338	17451.7	-8.81124
315000	315	3.5102	39489.8	-35813	14310.2	17232.9	77515.2	348.475	17513.1	-6.265
316000	316	3.49476	39316.1	-35813.1	13666.6	17818.9	77870.9	417.406	17271.4	-4.45357
317000	317	3.55779	40025.2	-35929.9	13920.6	17358	78142.9	394.098	17319.2	18.7433
318000	318	3.4906	39269.2	-36049.7	14065	17485.8	77811.5	461.069	17825.5	6.19762
319000	319	3.56236	40076.5	-35860.4	14048.1	17233.7	77682.6	483.724	17306.1	-12.652
320000	320	3.50111	39387.4	-35753.1	14308.6	17857.7	77317.1	468.273	17322.1	-7.71938
321000	321	3.49957	39370.2	-35899	14388	17052.4	77946.5	448.506	17440	-24.6965
322000	322	3.58108	40287.2	-35782.2	14339.3	17437.7	77527.1	468.396	17329.7	-20.355
323000	323	3.50027	39378	-36016.9	14297.6	17762.4	77268.7	409.217	17568.9	11.0492
324000	324	3.48387	39193.6	-35751.3	13835.6	17281.5	77240	469.133	17627.9	14.1003
325000	325	3.49153	39279.7	-35615.1	14370.3	17008.5	77328.2	428.038	17916.7	16.2163
326000	326	3.5052	39433.5	-35979.1	14216.6	17299.4	77711.2	446.809	17502.1	21.2237
327000	327	3.56758	40135.3	-35817.9	14458.7	16987.8	77504.4	396.07	17672.8	-34.5867
328000	328	3.51089	39497.5	-35799.1	14110.2	17714.9	77717.8	456.283	17445.3	-22.6693
329000	329	3.57728	40244.4	-36016.9	14223.9	17469.9	77263.5	362.907	17640.6	-13.5008
330000	330	3.58035	40279	-35913.1	14249.9	17439.8	77218.3	416.092	17687.2	-7.26067
331000	331	3.48656	39223.8	-35968.5	14361.2	17298.7	77937.3	408.03	17669.1	-2.77262
332000	332	3.45529	38872	-36220.2	14186	17129.7	77504.7	435.217	17616.7	-23.3276
333000	333	3.46498	38981.1	-35856.3	14294.3	17421.9	77217.4	411.651	17644	1.52113
334000	334	3.50713	39455.2	-35911.4	14170	17078.5	77097.3	502.248	17875.8	-21.8991
335000	335	3.53282	39744.2	-36076.5	14312.4	17277.9	77012.6	383.173	17793.5	14.1389
336000	336	3.52601	39667.6	-35986.6	14098.8	17379.7	77225.8	466.052	17779	-11.3585
337000	337	3.50973	39484.4	-35922.3	13907	17278.8	77601	380.6	17795.2	32.3356
338000	338	3.57496	40218.3	-36062.5	14026.4	17006.6	78062.4	353.7	17456.9	7.35636
339000	339	3.50706	39454.4	-35953.3	13829.6	18050.1	77600.6	342.917	17148.6	-28.4916
340000	340	3.48884	39249.5	-35831	14070.6	17437.6	77845.5	381.661	17262.2	20.4707
341000	341	3.50123	39388.8	-35945.3	14352.7	17292.8	77562.3	404.922	17670.2	-0.516645
342000	342	3.55603	40005.3	-36016.4	14203.4	17536	77286.3	415.242	17807.3	28.1204
343000	343	3.52845	39695	-35859.9	14103.6	17134.6	77087.2	407.873	17802.5	12.9461
344000	344	3.53071	39720.5	-36005.7	13826.3	17189.7	77503.9	337.788	17588.8	46.2858
345000	345	3.4737	39079.1	-36057.4	14146.5	17598.2	77778.5	388.668	17531.3	3.40818
346000	346	3.51765	39573.5	-35879.6	14446.9	17199.1	77585.4	503.777	17521.7	-18.7558
347000	347	3.49907	39364.5	-35825.2	14668.4	17158.7	77253.9	329.65	17855	-56.6971
348000	348	3.51591	39554	-36139.4	14090.2	17561	77823.6	402.194	17305.4	-0.514506
349000	349	3.54091	39835.2	-35897.5	14374.1	17156.6	77251	436.241	17617.5	-9.12645
350000	350	3.54782	39912.9	-35969.6	14321.9	17253.7	77377.9	487.207	17569	-22.5647
351000	351	3.53964	39820.9	-35782.3	13857.3	17553.3	77314.6	394.367	17593.3	-5.51089
352000	352	3.49153	39279.7	-36070.1	14090.2	17585.6	77365.8	408.622	17401.4	2.02445
353000	353	3.51939	39593.2	-35732.8	14113.4	17755.5	77074.4	415.014	17969.5	13.7087
354000	354	3.497	39341.3	-35837.1	14001.3	17524.7	77040	413.25	17921.9	-1.95437
355000	355	3.50936	39480.3	-36134	13989.4	17574.6	76800.4	423.562	17834.4	11.9482
356000	356	3.50061	39381.8	-35922.5	14233.8	17817.7	76580	409.254	17697.6	-43.0091
357000	357	3.54427	39873	-35906.3	14039.9	17472.3	77278.6	475.342	17594.4	-12.1519
358000	358	3.48878	39248.8	-35865.4	13873	17294.3	77272.9	430.095	17864.9	25.2901
359000	359	3.43526	38646.7	-36115.5	14396.7	17579.1	77479.9	407.886	17715.3	8.59486
360000	360	3.50955	39482.4	-35960.1	14282.5	17327.5	77494.6	394.334	17483.7	-2.4343
361000	361	3.4899	39261.3	-35932.8	13999.3	16619.2	77159.4	442.998	18200.9	43.8327
362000	362	3.52769	39686.5	-36154.8	14016.8	17293.5	77377.7	384.465	17892.6	-6.79841
363000	363	3.49151	39279.5	-35773.4	14513.4	17242.9	77297.1	404.801	17854	-6.81517
364000	364	3.52914	39702.8	-35830.2	14366.3	17018.3	77421.1	427.149	17817.7	-9.51889
365000	365	3.51257	39516.4	-35904.7	13787.1	17554.3	77421.5	407.237	17637.4	18.5639
366000	366	3.5561	40006.1	-35892.6	14856.8	17042.6	77594.9	392.077	17573.9	-19.9933
367000	367	3.5558	40002.8	-36018.5	14202.6	17532.7	77203.6	395.471	17786.1	-2.959
368000	368	3.51879	39586.3	-35844.6	13962.3	17752.1	77531.1	414.127	17421	3.63023
369000	369	3.47696	39115.8	-35794.4	14010.5	17234.4	77437.7	442.927	17965.3	23.3024
370000	370	3.52463	39652	-35958.2	13758.8	17411.8	77864.4	391.153	17564.2	14.6744
371000	371	3.55993	40049.2	-35951.9	14246.6	17361.8	77443	371.007	17725.2	5.92095
372000	372	3.56028	40053.2	-35744.7	14220	17777.7	77145.2	381.302	17661.5	12.1433
373000	373	3.55512	39995.1	-36059.9	14191.2	17578.2	77394.3	411.047	17665.7	-13.5886
374000	374	3.5955	40449.3	-36100.4	14013.4	17003.1	77572	432.017	17482.5	-19.0112
375000	375	3.49818	39354.5	-35767.1	14214.2	17322.6	77694.7	478.739	17727.6	32.8198
376000	376	3.54444	39875	-35896.1	14353.9	17540.5	77721.7	412.176	17636.4	-32.8607
377000	377	3.51497	39543.5	-36020.1	13815.3	17641	77573.9	378.589	17641.1	15.96
378000	378	3.50876	39473.6	-36249.1	13604.9	16888.8	78213.1	386.366	17371.4	1.94256
379000	379	3.56922	40153.7	-36023.2	14098.2	17126.3	78433.6	382.457	17193.1	26.9311
380000	380	3.52254	39628.6	-36136.2	14501.2	17398.6	78017.8	454.209	17080	-57.0404
381000	381	3.50419	39422.2	-35816.2	14533.9	17250.1	77343.8	482.627	17956.2	31.2272
382000	382	3.49958	39370.3	-35750.7	14378.2	17157.7	76980.2	419.28	17889.4	-20.8037
383000	383	3.54457	39876.4	-35960.4	14190.8	17431.5	77197	363.565	17833.8	9.15781
384000	384	3.56219	40074.6	-35897.3	14101.9	17356.4	77177.4	440.622	17709.6	8.92645
385000	385	3.54477	39878.7	-35807.9	14182.2	17849.3	77364.3	476.04	17558.4	11.0273
386000	386	3.59359	40427.9	-35843.5	14163.3	17611.7	77490.4	425.972	17465.2	-0.824119
387000	387	3.50583	39440.6	-35729.2	13898.7	17408.3	77726.9	428.178	17444.9	6.80867
388000	388	3.49145	39278.8	-35824.3	13759.1	17352.5	77432.7	417.717	17679	9.92344
389000	389	3.46243	38952.3	-36050.9	13798	16909.6	77865.6	352.724	17607.2	29.4761
390000	390	3.47164	39056	-36074	14083	17095.9	78015.3	418.923	17357.1	27.2244
391000	391	3.5004	39379.5	-36120.1	14197.5	17142.5	77835.7	396.743	17694.9	22.7963
392000	392	3.49095	39273.2	-35989.9	13635.4	17540.1	77175.8	430.197	17889.6	15.1744
393000	393	3.53385	39755.8	-35843.5	14108	17126.3	77285.5	448.827	17875.1	20.255
394000	394	3.49083	39271.9	-35791.7	14135.4	17089.5	77876	359.705	17722.2	17.107
395000	395	3.50083	39384.3	-36054.7	14292.9	17513	77697.5	390.517	17672.1	17.8824
396000	396	3.54161	39843.1	-35835.1	14319.1	17722.9	77059	436.733	17731.6	-15.4945
397000	397	3.5088	39474	-35742.2	14175.4	17609.6	76689	457.635	17928	44.6787
398000	398	3.47837	39131.7	-36128.9	14293.1	17710.1	76867.6	431.018	17803.7	-8.81012
399000	399	3.51649	39560.5	-36109.6	14253.4	18024.7	76980.1	367.95	17655.8	3.15994
400000	400	3.52518	39658.2	-35786.6	14288.2	17547.9	77245.9	365.536	17943.4	38.8025
401000	401	3.59699	40466.2	-35672.6	14075.1	17890.2	77196.6	403.118	17586.8	40.2297
402000	402	3.49748	39346.6	-35577.9	13927.2	17305.1	77321.6	409.37	18128	47.3685
403000	403	3.48494	39205.6	-35805.2	14397.6	17417.2	77039.4	416.513	17675.4	-8.30542
404000	404	3.51989	39598.7	-35924.7	14180	17490.3	77580.8	376.293	17575.1	-11.6522
405000	405	3.53447	39762.8	-35977.2	14033.9	17711.1	77527.7	451.722	17494.8	-9.91631
406000	406	3.48757	39235.2	-35866.5	14176.1	17426.4	77862.2	469.736	17522.1	11.6622
407000	407	3.49579	39327.7	-35756	13875.1	17145.3	77660.2	448.286	17570.6	19.8608
408000	408	3.51126	39501.7	-36086.2	13746.7	17253	77672.9	431.542	17636.4	1.78927
409000	409	3.50904	39476.7	-36031.4	14328.3	17634.8	77992.5	401.051	17411.2	-9.41229
410000	410	3.44957	38807.7	-36114.7	14451.6	17472	77150.8	402.503	17566.6	-26.8761
411000	411	3.50417	39421.9	-36053.4	14432.8	17358.1	77583.5	353.78	17561.8	-28.7586
412000	412	3.45583	38878.1	-35814.1	13861	17671.2	77168.3	395.335	17811	10.4892
413000	413	3.52639	39671.8	-36012.7	14560.9	17681.8	77447.8	348.326	17994.9	-6.36473
414000	414	3.48951	39257	-35842.6	14060.6	17424.5	77238.7	411.233	17972	12.2339
415000	415	3.509	39476.2	-35780.9	14096.3	17223.6	77733.8	434.679	17601.1	12.9584
416000	416	3.55373	39979.4	-35881.2	14383.2	17033.2	77989.9	448.714	17486.6	-16.5306
417000	417	3.51303	39521.6	-35735.6	14097.4	17422.3	77360.4	453.87	17625.3	16.6127
418000	418	3.50768	39461.4	-35816.8	14109.8	17282.7	77782.8	446.602	17365.2	37.1687
419000	419	3.49192	39284.1	-36000.3	14242.8	17197	77815.4	448.187	17377.2	14.1027
420000	420	3.52141	39615.9	-35918.6	14157.1	17542.9	77195	387.864	17636.5	-17.6259
421000	421	3.59126	40401.6	-35759.3	13824.1	17567.5	77492.3	481.221	17526.2	43.2188
422000	422	3.50386	39418.5	-35831.1	14351.7	17642.7	77332.5	400.144	17700.8	-22.3086
423000	423	3.48912	39252.6	-36074.7	14205.4	17696.3	76883.3	377.209	17997.8	1.08814
424000	424	3.54198	39847.3	-36066.8	14330.3	17942.6	76651.9	408.272	18153.6	27.0162
425000	425	3.51872	39585.6	-35946.9	13920.5	17578.5	76858.7	385.791	17946.9	30.0151
426000	426	3.5027	39405.4	-35738.2	13872.6	18110.8	76732.4	422.784	17699.5	-0.494675
427000	427	3.52187	39621.1	-35788.2	13890.3	17588.9	77139.3	395.071	17734.4	17.3775
428000	428	3.54337	39862.9	-35637.3	14478.3	16875.8	77020.8	419.414	17928.1	15.4485
429000	429	3.50237	39401.6	-36040.6	14272.5	17713	77420.6	402.833	17922.4	33.3009
430000	430	3.50197	39397.2	-35762.2	14155.5	17082	78003.4	426.008	17808	32.9236
431000	431	3.6081	40591.2	-35695.5	14269.1	17330.8	76615.4	400.356	18085.9	16.8054
432000	432	3.50481	39429.1	-36079.8	13756.5	17947.7	76940.1	411.933	17810.2	17.7013
433000	433	3.46756	39010	-36025.1	13792.8	17752.2	76294.4	396.029	18352.8	15.0257
434000	434	3.52027	39603.1	-35922.7	13632.8	17720.8	77100.2	427.499	17938.8	52.6136
435000	435	3.4434	38738.2	-35876	14322.7	17325	77107.9	482.592	17953.7	-16.7459
436000	436	3.52215	39624.2	-35815.9	13606.1	18089.7	77298.3	405.676	17781.4	40.6435
437000	437	3.56816	40141.8	-35971.7	14359	17582.7	77097.7	445.644	17655.7	5.12138
438000	438	3.54125	39839.1	-35842.4	14000.4	17505.5	77613.7	408.098	17505.9	27.7802
439000	439	3.52418	39647	-35838	13842.3	17321.7	77164.8	357.759	17981.3	1.36643
440000	440	3.48976	39259.8	-35994.2	14398.2	17247.9	77263	398.477	17977	-19.5341
441000	441	3.49999	39374.9	-35945.5	14366	17578	77155.9	477.915	18010.5	6.91838
442000	442	3.49532	39322.4	-35703.5	13922.5	17292.7	77392.8	461.612	17879	39.1112
443000	443	3.49285	39294.5	-36009.6	14339.8	16921.5	77813.1	382.617	17773.7	8.76015
444000	444	3.46698	39003.5	-36043.9	13974.4	17597	77322.3	421.54	17766.3	-12.6065
445000	445	3.53377	39754.9	-35919	14272.5	17707.3	77029	412.348	17827.9	1.63913
446000	446	3.54715	39905.4	-35928.6	14010.8	17596.4	76788.8	453.634	18048	-11.3642
447000	447	3.46599	38992.4	-36068.5	14337	17298.1	78263.1	324.683	17190.8	-12.7131
448000	448	3.52214	39624.1	-36220	14493.4	17397	77710.9	350.929	17422.9	-26.7973
449000	449	3.53625	39782.8	-36015.1	14248.3	17732.9	77113	326.859	17618.6	5.07694
450000	450	3.50802	39465.3	-36025.6	14170.2	17453.4	77209.7	397.825	17773.2	-14.8201
451000	451	3.55575	40002.2	-36006	14197.7	17590.8	77053.9	438.485	17538.6	-5.37097
452000	452	3.49743	39346.1	-35770.9	14001	17880.6	77219.5	381.122	17634.6	3.7857
453000	453	3.56009	40051	-35891.3	14019.2	17448.4	76913.6	393.679	17992.1	-10.0097
454000	454	3.50065	39382.4	-35838.2	13757.1	18154.8	77265.4	388.493	17673.7	79.5905
455000	455	3.52468	39652.7	-36070	14107.6	17674.7	77524.7	392.026	17742	26.5225
456000	456	3.4702	39039.8	-35775	14134.5	17732	76657.5	449.989	18040.3	8.22393
457000	457	3.54062	39832	-35858	13101.1	17706.4	76935.4	452.676	17877.4	21.3923
458000	458	3.43071	38595.5	-36041.2	14177.6	18134.4	76814.1	436.98	17584.8	-23.4965
459000	459	3.58085	40284.5	-35822.2	13874.6	17915	77027.5	535.123	17654.7	31.8219
460000	460	3.54025	39827.8	-36104.7	13981.6	17766.5	76802.1	367.894	17824.1	-19.834
461000	461	3.52565	39663.6	-35774.4	14591.8	17628.9	76618.6	340.829	17880.2	8.24322
462000	462	3.51301	39521.3	-35641.5	14236.3	17328.1	76861	438.383	18210.8	12.8307
463000	463	3.51715	39567.9	-35751.5	14258.3	17402	76865.1	430.561	17863.5	-2.05262
464000	464	3.50634	39446.4	-35592.6	14231.2	17955.9	76291.1	477.694	18175.3	-5.73147
465000	465	3.48336	39187.8	-35916.8	14318.6	17536.4	76758.9	404.584	17780.5	-22.7614
466000	466	3.54077	39833.6	-35772.1	14049	17581.2	76624.7	448.758	17860.7	-7.20522
467000	467	3.51123	39501.4	-35645	14325.1	17230.5	76775.5	371.197	17884.5	-27.351
468000	468	3.51256	39516.3	-35900.3	14250.8	17162.1	77145.8	398.092	17653.6	-2.65632
469000	469	3.51566	39551.2	-35848	14335.5	17118.5	77060.6	429.801	18054.5	8.4577
470000	470	3.55291	39970.2	-35871.7	13904	17120.6	77267.2	440.075	17655.2	-16.1653
471000	471	3.52617	39669.4	-35695.3	14155.1	16997	76878.7	434.859	17930.9	23.1463
472000	472	3.51709	39567.2	-35850	14051	17884	77523	470.578	17269.5	-1.01991
473000	473	3.4847	39202.9	-36052	14176.5	17984.7	77067.2	397.321	17879.7	-1.90537
474000	474	3.53448	39762.9	-36080.8	14107.2	17231	77729.2	339.709	17647.6	-4.88818
475000	475	3.50748	39459.1	-35805.2	14044.2	17434.9	77158.7	389.535	17894.5	14.6675
476000	476	3.51273	39518.2	-35920.5	13988.7	17678.3	77332.9	404.919	17713.6	-11.6005
477000	477	3.50603	39442.9	-35766.9	14179	17173.1	77262	441.266	17625	-22.8148
478000	478	3.51012	39488.8	-35911.5	14143.3	17480	77365.4	419.885	17669.2	-12.7502
479000	479	3.49704	39341.7	-36044	14079.6	17786.4	77287.6	462.001	17556.2	-5.30861
480000	480	3.48239	39176.9	-35794.2	14027.3	17219.1	77754.8	398.031	17455.5	-10.7892
481000	481	3.55721	40018.6	-36039.9	14167.1	17464.7	77355.8	404.757	17753	13.3101
482000	482	3.51898	39588.5	-36082.1	14272.7	17501.6	77100.8	390.372	17904.9	1.9976
483000	483	3.52374	39642	-36097.4	14048	17191.3	77532.7	420.539	17761.1	-10.2016
484000	484	3.50245	39402.6	-35952.2	14201.2	17431.3	77535.8	334.688	17609.9	-6.84858
485000	485	3.49227	39288	-35697.3	14524.1	17624.9	76876.6	467.068	17987.5	4.59279
486000	486	3.5525	39965.6	-35837	13733.5	17057.4	77680	333.284	17971.7	12.2651
487000	487	3.50222	39400	-35803.7	14408.4	17332.2	77383.7	435.565	17989.9	-2.2649
488000	488	3.42641	38547.1	-35758.7	14193.9	17650.3	77189.7	332.287	17387.6	-46.9012
489000	489	3.49751	39347	-35992.2	14252.3	17459.2	76625.9	403.165	17969.2	-23.0957
490000	490	3.48726	39231.7	-36068.5	14250.6	17557.1	76269.1	335.636	18080.8	-5.91302
491000	491	3.60842	40594.8	-35773.3	14100.5	17086.8	77045	489.475	17894.3	1.31673
492000	492	3.5708	40171.5	-35916	14501.4	16804.4	77741.5	413.968	17774.8	-29.8965
493000	493	3.56124	40064	-35894.7	13889.6	17490.7	77671.1	444.926	17394.3	-8.91126
494000	494	3.50839	39469.4	-36065.2	13782.4	17427.9	77203.8	332.856	17737.5	13.3779
495000	495	3.52054	39606.1	-35813	14502.5	17305.7	77030	452.445	17732.4	-6.43894
496000	496	3.49117	39275.7	-35918.7	14294.9	17853.2	76931.6	451.071	17844.2	-6.02408
497000	497	3.466	38992.5	-36130.4	14453.2	17970.2	77342	432.207	17730.6	-4.99139
498000	498	3.49651	39335.7	-35991.5	14257.2	17572.3	77032.8	456.463	18038.3	-7.91677
499000	499	3.54441	39874.6	-35708.3	14026.6	17410.4	77300.6	485.056	17673.3	18.8097
500000	500	3.45047	38817.8	-36010.3	14170.9	17786.2	77118.6	417.874	17588.8	-9.32987
501000	501	3.58535	40335.2	-36054.4	13640	17675	77485.7	422.532	17423.7	-11.0307
502000	502	3.52273	39630.7	-35746.1	14222.8	17309.5	77305.2	392.768	17597.2	6.73629
503000	503	3.54211	39848.7	-36056.2	13885.2	17560.4	78275.2	367.991	17586.7	41.862
504000	504	3.5122	39512.3	-35660.9	14067	17826.6	77601.6	379.725	17420.9	2.17666
505000	505	3.56978	40160.1	-35987.7	14005.2	17525.4	77577.4	397.939	17851	44.5212
506000	506	3.473	39071.2	-36076.6	14110.3	17606.3	77306.6	362.856	17493.3	-13.5815
507000	507	3.49564	39325.9	-35983.4	14414.3	17334.5	77794.7	315.654	17482	-4.27655
508000	508	3.50399	39419.9	-35993.4	13867.6	17235.9	77560.7	349.739	17837.7	-7.68716
509000	509	3.44166	38718.7	-35807.6	13825.1	17387.2	77412.5	494.869	17758.1	-48.197
510000	510	3.5311	39724.9	-35883.2	14289.3	17297.3	77733.3	390.981	17464.3	-8.21337
511000	511	3.5612	40063.5	-35944.5	14183	17365.4	77804.3	363.397	17524.3	1.03787
512000	512	3.50394	39419.4	-36018.8	14271.2	17321.4	78114.4	418.593	17264.9	14.6662
513000	513	3.49792	39351.6	-35847.4	13812	17333	78109.7	398.658	17566.9	26.3101
514000	514	3.53769	39799.1	-35602.6	14126	17207.5	77255.6	474.255	17321.2	-4.07928
515000	515	3.52069	39607.8	-35909	14008.1	17827.1	77398.6	406.032	17871	0.066766
516000	516	3.43771	38674.2	-36066.4	14286.6	16818.2	77666.2	342.96	17791.4	31.1234
517000	517	3.51938	39593.1	-35794.2	14589.8	17311.3	77589.6	430.167	17724.3	-0.732395
518000	518	3.48716	39230.5	-35941.4	14335.9	17111	77361.6	354.134	17797	-16.247
519000	519	3.45506	38869.5	-36091.9	14269.8	17424.5	77871.9	443.714	17421	-46.0103
520000	520	3.60443	40549.8	-35955.4	14012.8	17500.3	77324.4	398.064	17822.8	2.47578
521000	521	3.48712	39230.1	-36038.7	13619.3	17497.6	77833.8	518.108	17240.2	17.6209
522000	522	3.59502	40444	-36125.8	13967.8	17515.2	77877.4	456.025	17781.6	19.1932
523000	523	3.55263	39967.1	-36042.8	14156.7	17246.6	78208.6	429.35	17077.2	-17.6108
524000	524	3.45211	38836.2	-36065.9	14254.6	17501.5	78288.9	423.91	17149.2	-42.1947
525000	525	3.4876	39235.5	-35910.5	13693.2	17025.2	77943.7	418.58	17435.7	-26.1888
526000	526	3.54082	39834.2	-36089.7	14307.7	17564.9	77993.6	377.97	17378.1	7.92453
527000	527	3.5239	39643.8	-35796.9	14274.2	17388.1	77372.5	435.051	17504.9	2.08017
528000	528	3.54575	39889.7	-35895.3	13740.2	17517.4	77412.8	518.024	17467.2	26.2559
529000	529	3.53563	39775.8	-36024.7	14283.7	17260	77156.8	483.513	17355.5	-67.2507
530000	530	3.58431	40323.5	-35995.8	14311.6	17391.7	77902.6	394.052	17774.9	29.2124
531000	531	3.60082	40509.2	-35850	14135.3	16879.2	77393.2	372.506	17996.4	23.2896
532000	532	3.49291	39295.2	-36100.8	14158.6	17137.3	77155	436.206	17877.3	-16.3581
533000	533	3.46308	38959.7	-35954.2	13772.7	17623.5	77443.1	391.32	17692.7	4.49703
534000	534	3.55127	39951.8	-36000.6	14358.9	17492.2	77441.8	418.685	17649.1	10.1087
535000	535	3.52803	39690.4	-35549.6	14384.4	17078.1	76941.6	397.869	18072.1	7.46027
536000	536	3.496	39329.9	-35736.3	14077.1	17517	76843.6	395.802	17978.1	18.7872
537000	537	3.54503	39881.6	-35911.1	14037.2	17868.2	77437.8	427.331	17351.5	2.97057
538000	538	3.52068	39607.7	-36137.2	14397	17359.5	77296.7	383.244	17852.9	-8.71541
539000	539	3.53334	39750.1	-35844.3	14365.4	17671.7	77205.3	427.236	17664.9	0.463915
540000	540	3.4894	39255.8	-36081.7	14328.4	17225.8	77879.9	399.811	17590.5	-15.8368
541000	541	3.52533	39660	-36008.2	13890.3	17477.9	77164.1	337.533	17786.9	-14.1988
542000	542	3.4902	39264.7	-35861.6	14381.9	17613.3	77751.5	380.146	17447.6	-14.9269
543000	543	3.48457	39201.4	-36159.6	13639.1	17447.3	77776.6	382.207	17599.6	6.74509
544000	544	3.47748	39121.7	-35997.7	14394.2	17265.4	77900.5	435.559	17593.4	-6.39248
545000	545	3.4951	39319.9	-35852.5	14600.4	17277.5	77077.1	402.229	17860.9	4.66465
546000	546	3.48943	39256.1	-35974.3	14413.8	17411.3	77709.3	371.966	17616.8	-13.8405
547000	547	3.54653	39898.4	-35971.4	14329.8	17406.6	78235.2	472.369	17130	18.4069
548000	548	3.48189	39171.3	-36012.2	14050.3	17465.4	77464.4	356.038	17809	-0.432883
549000	549	3.56432	40098.6	-35891	14102.6	17874.2	77471.6	405.483	17492	-14.9139
550000	550	3.49765	39348.6	-35856.5	14628.3	17399.5	77228.2	451.308	17629.5	2.93478
551000	551	3.51325	39524.1	-35864.5	14035.8	18154.4	77485.4	459.805	17516.2	-7.3714
552000	552	3.53261	39741.8	-35959.3	14315.3	17537.5	77247.1	384.655	17711.9	14.0729
553000	553	3.5259	39666.4	-36093.4	14075.1	17334.3	77040.6	379.583	17546	-46.5609
554000	554	3.48911	39252.5	-35880.5	13551.5	16983.4	78085.8	397.545	17687.7	-0.0154532
555000	555	3.50432	39423.6	-35835.8	14141.1	17434.9	77564.9	369.307	17503.6	2.07871
556000	556	3.52624	39670.2	-36141.4	14433.6	17354	77764.4	405.193	17387.8	-38.6386
557000	557	3.54012	39826.4	-36092.8	14154.2	17521.2	77236	336.429	17638	-21.8976
558000	558	3.54847	39920.3	-36322.9	14362.3	17799.8	77092.6	491.322	18008.1	24.5386
559000	559	3.5232	39636	-35725.1	14034.6	17246.4	77054.3	417.52	18076.7	6.9967
560000	560	3.52986	39710.9	-35938.1	14124.3	18013.6	77239.3	373.933	17629.1	-8.08723
561000	561	3.57351	40202	-35706	14212.7	17398.8	77001.1	423.651	17958	31.9129
562000	562	3.55971	40046.7	-35966.7	14215.3	17398.4	77532.4	386.774	17635	3.52788
563000	563	3.53778	39800	-35612.4	14190.6	17352.7	77051.4	371.066	17924	19.1696
564000	564	3.52405	39645.6	-35794.1	13840.8	17596.4	77020.2	469.449	17798.7	10.305
565000	565	3.53558	39775.3	-35716.8	14198	17366.1	77309.8	503.164	17517	-19.6792
566000	566	3.50576	39439.8	-35850.1	14215.1	17408.4	77795.4	453.013	17673.3	20.385
567000	567	3.49266	39292.4	-36067.4	14023.2	17615.4	77364.2	402.6	17545.2	-10.2058
568000	568	3.56302	40084	-35876	14453	17298.7	77463.3	429.626	17749	-24.6945
569000	569	3.5276	39685.5	-36208.1	14335.6	16988.9	78286.8	327.818	17194.5	7.39109
570000	570	3.50481	39429.1	-35987.9	14350.7	17335.5	77471.9	412.395	17649.1	37.9257
571000	571	3.4989	39362.6	-35645.3	14177.7	17945.6	77440.5	408.103	17774.8	25.0611
572000	572	3.53443	39762.4	-35861.9	14282.2	17484.5	77210.7	415.982	17701.1	14.6153
573000	573	3.51475	39540.9	-35842.2	14291.3	17684.2	77600.1	405.149	17431.7	-13.4625
574000	574	3.52025	39602.8	-35913.8	14065.9	17034.6	78544.7	397.056	17152.2	18.0766
575000	575	3.50965	39483.6	-36060.5	14266.3	17232.5	77344.7	398.826	17697.7	-15.5599
576000	576	3.50373	39417	-36009	14364	17778.9	77447.8	409.673	17589	10.3555
577000	577	3.5001	39376.2	-36058.1	14276.1	17129.6	77903.1	372.702	17752.2	15.8317
578000	578	3.54531	39884.8	-36090.1	13902.1	17859.8	77589.4	436.395	17420.9	-32.3543
579000	579	3.56999	40162.4	-35695.7	14232.7	17064.6	77477.9	384.393	17747.7	3.14855
580000	580	3.54494	39880.6	-35762.8	14039	17596.3	77672.3	416.561	17758.8	20.7509
581000	581	3.52467	39652.5	-35952.7	13995.9	17378.9	78038.1	468.602	17533.2	10.2318
582000	582	3.54179	39845.1	-35676.3	13869.9	17413.6	78071.6	459.081	17404.3	17.5959
583000	583	3.54756	39910.1	-36234	13844.8	17695.4	78020	358.433	17204.2	2.97129
584000	584	3.4813	39164.6	-35926.4	14173.7	17725.3	77253.6	457.795	17659.8	3.54557
585000	585	3.50549	39436.8	-35961	14069.4	18211.1	77414.2	430.723	17328.6	-9.40068
586000	586	3.49113	39275.2	-35815.7	14001	17836.9	77138.9	417.221	17349	-1.44951
587000	587	3.49422	39310	-35897.2	14174.4	17489.1	77334.3	358.719	18026.3	5.48478
588000	588	3.50342	39413.5	-36011.2	13813.9	17694.4	76985.8	356.629	17971	42.6736
589000	589	3.45259	38841.7	-35652.2	14558	17532.7	76899.3	504.058	17825.5	-25.9543
590000	590	3.44346	38738.9	-35903	14220.5	17145.8	77108.4	369.973	17740.1	-16.3112
591000	591	3.55848	40032.9	-35851.9	14170.4	17476	77915	303.896	17783.8	45.2317
592000	592	3.52064	39607.2	-35961.4	13694.5	17151.1	77580.4	357.449	17736.7	30.5107
593000	593	3.49997	39374.7	-35935.4	13884.1	17119.1	77981.2	364.283	17465.7	26.4292
594000	594	3.54657	39898.9	-35903.5	14045.4	17508	77676.5	349.718	17580.9	2.33027
595000	595	3.49904	39364.2	-35834.8	14139.2	17424.9	77401.5	320.826	17507.7	-19.8983
596000	596	3.53247	39740.3	-35587.6	14225.6	17330	77662.4	319.194	17756.1	15.5224
597000	597	3.52809	39691	-35839.7	14372.2	17151.2	77563.8	425.082	17512.5	-3.87237
598000	598	3.5177	39574.1	-35881.3	13826.6	17307.6	78074.5	402.823	17569	21.6312
599000	599	3.49414	39309.1	-35891.5	13946.6	17361.9	77735.2	382.462	17743.1	-1.16287
600000	600	3.52327	39636.8	-36051.3	14129.5	17142.7	77748.7	403.311	17536.4	-21.69
601000	601	3.48846	39245.2	-36016.5	13946.4	17527.7	77890.1	368.224	17520.8	17.282
602000	602	3.51707	39567.1	-35933.7	14142.8	17568.8	77813.4	399.881	17592.8	12.0339
603000	603	3.58944	40381.2	-35657.4	14041.8	17679.8	77603.1	457.151	17413	9.59331
604000	604	3.52774	39687.1	-35993.1	14258.9	17559.3	77753.1	386.162	17396.1	-35.7526
605000	605	3.52918	39703.3	-35820.4	14271.2	17533.3	77413.2	396.64	17710.3	6.65321
606000	606	3.5356	39775.5	-35692.2	14385.1	17484.4	77060.5	447.317	17655.1	0.331948
607000	607	3.53511	39770	-35740.6	14040	17740.5	77081.3	455.288	17750.1	31.2562
608000	608	3.4683	39018.4	-35872.8	14579.3	17500.1	77696	457.211	17312.7	-41.6668
609000	609	3.51891	39587.7	-35819.2	14103.9	17284.8	77595.6	388.208	17683.5	5.22317
610000	610	3.49814	39354	-35897.6	13997.7	17684.4	77342.2	367.172	17573.8	45.7497
611000	611	3.50432	39423.6	-35830.6	13962.7	17691	77654.5	330.441	17403.1	-22.0363
612000	612	3.5737	40204.1	-35782.2	13905.1	17428.1	77307.4	414.442	17548.2	3.74253
613000	613	3.49091	39272.7	-35850.3	13805	17201.8	76724	386.587	17956.2	-12.3777
614000	614	3.5353	39772.1	-36003.8	14332.9	17467.4	77616.1	382.674	17804.2	5.17195
615000	615	3.49886	39362.2	-35941.3	14137.3	17105.5	77678.3	354.083	17807.2	10.6165
616000	616	3.56222	40075	-35966.5	14218.9	17219.4	77838.3	358.195	17313.9	-47.4495
617000	617	3.55795	40026.9	-36007.3	14137.6	17431.3	77387.2	430.845	17674.4	36.0589
618000	618	3.50668	39450.2	-35943.4	14122.3	17540.4	77493.1	396.656	17087.6	-28.4597
619000	619	3.49146	39279	-35799.6	14411.1	17379.5	77673.7	380.823	17448	23.8764
620000	620	3.52604	39668	-35842.1	14160.9	17254.9	77383.9	468.807	17688.6	7.65992
621000	621	3.54023	39827.6	-35847.3	14416.6	16980.2	77352.7	442.703	17935.2	0.819504
622000	622	3.50131	39389.7	-35966.2	14312.7	17647.4	77389.2	369.379	17762.6	-9.30942
623000	623	3.60189	40521.3	-36048.9	14486.4	17290.9	77195.5	497.258	17386.1	-43.8685
624000	624	3.47875	39136	-35962.2	14529.7	17126.2	77023	441.91	18081.3	-19.3466
625000	625	3.4626	38954.3	-35974.5	14261.8	17134.5	77224.8	407.689	17895.8	22.1486
626000	626	3.50234	39401.3	-35656.4	13894.3	18210.4	76611.6	388.967	17731	-13.4604
627000	627	3.50294	39408.1	-35930.3	14360	17319.6	77462.1	533.853	17665.3	27.5817
628000	628	3.52938	39705.5	-35696.2	13965.5	17328.6	77678.7	426.965	18065.8	35.3396
629000	629	3.52157	39617.6	-35890	14149.5	17853.4	77209.9	404.626	17767.2	11.5728
630000	630	3.54218	39849.5	-36020.6	14379.1	17255.9	77287.7	442.785	17771	-55.0217
631000	631	3.49115	39275.5	-35999.8	14416.8	17005.1	77496.6	375.781	17672.8	-15.5376
632000	632	3.50215	39399.2	-36011.3	14055.6	17218.6	77420.3	342.868	17692.8	-9.75269
633000	633	3.52627	39670.5	-36079.5	14384.5	17760.1	77062.6	356.293	17692.7	-3.72951
634000	634	3.5498	39935.3	-36148.1	14265.3	17070.5	77333.2	416.813	17819.6	1.11047
635000	635	3.5019	39396.4	-35899.5	14575.2	16986.8	77257.6	494.089	17580.2	-25.1986
636000	636	3.49251	39290.7	-36122.1	14195.1	17432.3	77157.9	326.894	17911.3	8.56425
637000	637	3.54843	39919.9	-35902.4	14223.6	17145.8	76961.3	413.866	18238.8	9.22987
638000	638	3.50933	39479.9	-35859.2	14276	16978.7	77234.8	397.717	17650.2	-25.0304
639000	639	3.48291	39182.7	-35997.8	13676.3	17297.6	77204.8	358.798	17596.8	41.3537
640000	640	3.55389	39981.2	-35939	14255.2	17667.6	77322.9	379.594	17817.7	6.8831
641000	641	3.54684	39902	-35959.7	13993.3	16988.7	77348.6	404.178	17942.2	-1.67089
642000	642	3.5432	39861	-35802.1	14461.5	17665.8	76810	388.201	18044.6	5.34084
643000	643	3.47516	39095.5	-35769.4	14384.2	17321.9	77043.2	393.672	17759.7	-32.2976
644000	644	3.4875	39234.4	-35672.6	13988.5	17410.6	76865.7	431.883	18107.7	3.41123
645000	645	3.48697	39228.4	-36015.4	14260.4	17528.1	76784.9	432.524	18046.6	3.54594
646000	646	3.49593	39329.2	-35856.4	14214	17540	77395	418.25	17918.9	-19.8655
647000	647	3.49663	39337	-35810.8	13990.7	17562.4	77247.6	385.421	17511	-6.73165
648000	648	3.45543	38873.6	-35996.3	14290.8	17352.8	76889.2	400.996	17986.8	17.536
649000	649	3.49106	39274.4	-35874	13829.7	17765.6	76962.6	409.013	17655	16.8775
650000	650	3.51168	39506.5	-35816	14103.3	17881.7	76855.9	407.269	17740.8	-20.268
651000	651	3.51924	39591.4	-35847	13979.9	18080.3	76682.9	423.076	17822.2	9.43105
652000	652	3.46485	38979.6	-36046	14244.7	17421.9	77116.2	386.809	17898.9	-6.30947
653000	653	3.476	39105	-35720.6	14527.1	17860.7	76502.7	396.962	18053.5	1.88125
654000	654	3.49011	39263.8	-35743.5	14117.7	17199.5	76796.5	475.381	17962.1	-5.98939
655000	655	3.53807	39803.3	-35733.9	13996.3	17192.3	76559.2	437.695	18226	-13.6116
656000	656	3.53317	39748.2	-35853.5	14016.9	17408.8	77066.3	440.629	17803.2	20.886
657000	657	3.48352	39189.6	-36183.4	14501.6	17193.9	77293.7	347.027	18044.4	9.37861
658000	658	3.5169	39565.2	-35792	14165.9	17150.4	77190.4	433.521	17715.5	-1.73485
659000	659	3.56168	40068.9	-35795.3	14153	17692.4	76844.9	299.203	17877.5	-3.71879
660000	660	3.53919	39815.9	-35863.9	13564.9	17807.9	76730.8	405.975	18125.5	38.7892
661000	661	3.51633	39558.7	-35889.1	14362.7	17682.8	76761	532.971	17846.1	-5.16571
662000	662	3.48059	39156.6	-35998.4	14070.4	17237.2	77052.7	439.244	17709.1	-7.10147
663000	663	3.49777	39349.9	-35976.6	14321.3	17751.8	77502	437.705	17759.5	22.9239
664000	664	3.58114	40287.8	-36064.2	14259.2	17591.6	77264.2	444.879	17694.4	45.8739
665000	665	3.43217	38611.9	-35740.9	14152.4	17829.1	77059.2	373.212	17795.3	-6.91036
666000	666	3.52835	39694	-35910.4	14268.7	17583.4	77124.4	426.94	17359.4	-12.9734
667000	667	3.52336	39637.8	-36151.2	14118.9	17183.3	77844.7	367.637	17209.5	-36.9871
668000	668	3.52616	39669.3	-35779.6	13921.5	17417.2	76761.8	351.96	18332.7	24.2376
669000	669	3.47354	39077.3	-35821.6	14011.8	17323.7	77069.4	393.93	17597.5	-3.09536
670000	670	3.47122	39051.2	-35964.2	13687.3	17817.2	77010.5	446.252	17893.7	1.79575
671000	671	3.50238	39401.7	-35802.1	14052.2	17380.9	76915.9	362.184	18118.1	15.1116
672000	672	3.49917	39365.6	-35911.5	14413	17174.6	77051.6	340.006	18065.9	4.59363
673000	673	3.51913	39590.3	-35835.7	14207	17132.2	77361	468.819	17740.9	6.30133
674000	674	3.46279	38956.3	-36018.3	14655.6	17612.1	77708.7	404.344	17803.7	7.61087
675000	675	3.54172	39844.3	-35881.8	14206.5	17254.4	77717	443.816	17552.5	18.3238
676000	676	3.52511	39657.5	-36063.9	14577.5	17401.1	77395.1	417.703	17301.4	0.676054
677000	677	3.60426	40547.9	-35885.8	14166.5	17455.4	77738.6	360.236	17297.9	-24.0125
678000	678	3.4214	38490.7	-36046	13931	17385.4	77386.4	356.953	17859.3	-1.21992
679000	679	3.54703	39904.1	-35782.1	14351.9	17254.6	77530.6	372.546	17806.7	9.29538
680000	680	3.51888	39587.4	-36041.2	14330.9	17391.8	77436	355.993	17675.5	-24.9543
681000	681	3.52602	39667.8	-35932.3	14031.2	17414.2	77152.3	472.268	17744.5	19.7644
682000	682	3.55813	40028.9	-36114.2	14251.8	17367.4	77401.6	392.765	17906.1	5.18234
683000	683	3.50696	39453.4	-36117.1	14056.6	17810.6	77083.4	393.273	17541	-39.1863
684000	684	3.5136	39528	-35916.4	14065.7	17715.8	77195	482.001	17579.5	9.38907
685000	685	3.48965	39258.6	-35914.1	13960.7	17534.5	76913.1	428.747	17848.2	0.574254
686000	686	3.51732	39569.8	-35964.1	14267.5	17915.3	76729.1	416.2	17766.8	7.04786
687000	687	3.44961	38808.1	-35745.5	14005.5	18150.4	76743.5	421.878	17684.8	-35.4488
688000	688	3.49977	39372.4	-35900	14073.1	17725.7	76694.9	404.47	18000.9	15.1798
689000	689	3.44433	38748.7	-35936.1	14204.5	17642.9	77129.2	393.878	17639.3	7.92089
690000	690	3.55538	39998	-36107	14334.6	17403.9	77011.7	406.829	17755.4	-24.7325
691000	691	3.51276	39518.6	-35928.3	13936.4	17392.8	77186.5	392.431	17882.1	19.2119
692000	692	3.44646	38772.7	-35900	14057.5	17928.7	77835.8	412.371	17391.3	10.5051
693000	693	3.455	38868.7	-35811.2	14193.5	17397.8	77717.5	411.154	17464.1	30.8548
694000	694	3.54327	39861.7	-35983.7	14150.5	17605	77351.4	409.559	17769.8	15.5145
695000	695	3.54663	39899.6	-35683.7	13783.6	17149.1	77072.9	384.439	17872.1	16.0369
696000	696	3.48616	39219.3	-35708.1	13992.2	17551.3	77163.4	390.797	17538.1	-0.0216018
697000	697	3.56871	40148	-35781.2	14400.2	17680	77407.7	486.351	17372.6	-7.28502
698000	698	3.51324	39524	-35941.7	14537.3	17122.3	77557.2	413.473	17323	-29.3399
699000	699	3.55344	39976.2	-35798.4	14112.8	17444.5	77266.2	452.139	17768.5	22.8802
700000	700	3.51405	39533	-36053.5	14099.3	17869.9	77221.8	423.766	17643.3	14.7235
701000	701	3.50648	39447.9	-35843.8	14220.5	18128.6	76764.8	446.08	18140.6	-2.91738
702000	702	3.49906	39364.4	-35855.5	14139.9	17328.2	77383.6	493.776	17957.4	2.10999
703000	703	3.45296	38845.9	-35628	14206.2	17437.2	76943.4	405.203	17880.4	24.7384
704000	704	3.515	39543.7	-35811.6	14326.1	17390.1	76453.1	396.239	18179	-11.1496
705000	705	3.50355	39414.9	-36119.6	13971.5	17372.3	76994.9	408.555	17646.6	-16.8547
706000	706	3.52017	39601.9	-35785.4	13859.6	17011.5	77062.1	388.613	17725.7	-17.9952
707000	707	3.50522	39433.8	-35865.3	14446.3	17347.2	77217.1	446.665	17493.7	-34.5151
708000	708	3.53259	39741.7	-35939.1	14280.2	17377.6	76710.4	375.633	17992.7	8.29476
709000	709	3.48655	39223.7	-35747.6	14168.3	17694.7	76547.1	389.473	17626.1	-24.4273
710000	710	3.59377	40429.9	-35813.4	14110.2	17239.6	77206.6	522.236	17693.5	-4.53922
711000	711	3.53281	39744.1	-36095	13727.2	17128.5	77058.5	453.496	18011.9	18.1053
712000	712	3.49442	39312.2	-35772.6	14153.8	17191.4	76986.8	405.271	18311.8	16.2428
713000	713	3.48854	39246.1	-36284.1	13734.8	17308.5	77410	471.253	18058.5	35.552
714000	714	3.50115	39388	-35870.5	14416.9	17784.4	76928.3	480.445	17613.9	-7.39268
715000	715	3.48288	39182.4	-35937	14300.8	17286.7	77384.6	462.072	17737	-8.48548
716000	716	3.53849	39808	-36111.6	14168.6	17294.6	77082.4	406.85	17771.3	4.6542
717000	717	3.51436	39536.6	-36059.4	13996	17253.7	77566	432.488	18099.2	24.7363
718000	718	3.54381	39867.9	-35980.3	14069.9	17282.4	77424.7	330.614	17602.4	22.0434
719000	719	3.46356	38965	-35983.1	14200.5	17497.3	76960.9	400.172	17889.7	-8.06677
720000	720	3.5075	39459.3	-35964.2	13853.7	17197	77583.2	427.237	17667	34.5543
721000	721	3.45342	38850.9	-35925.4	13822.2	17442	77399.6	464.635	18013.5	46.0289
722000	722	3.56764	40136	-35907.6	14246.2	17570.1	77483.6	388.594	17636.9	17.3849
723000	723	3.53752	39797.1	-35910.1	14426.8	17819.8	77610.8	392.053	17204.9	-49.9644
724000	724	3.57465	40214.8	-35749.7	14066	17889.6	77344	388.92	17410.9	3.3774
725000	725	3.50795	39464.4	-35870.7	13826.4	17318.9	77065.2	413.874	17866.3	28.5843
726000	726	3.53456	39763.8	-35851.2	14023.4	17625.4	77701.4	471.185	17383.7	35.3048
727000	727	3.5692	40153.5	-35847.5	14464.2	17393.7	77102.2	375.358	17915.7	20.1315
728000	728	3.49776	39349.8	-35780.7	14085.2	17360.9	77354.9	419.852	17505.8	-48.8757
729000	729	3.44662	38774.5	-36091.4	13729.3	17512.3	77525.8	435.529	17467.6	0.624302
730000	730	3.56403	40095.3	-36192.2	14097.2	17381.6	77370.3	405.549	17869.2	-22.2962
731000	731	3.52839	39694.3	-35806.3	13581.5	17423	77328.3	414.293	17941.2	58.996
732000	732	3.4628	38956.5	-35884	14192.9	17147.9	77202.3	511.771	17696.9	-31.2049
733000	733	3.5151	39544.9	-36102.5	14294.3	17689.6	76890.6	465.883	17914.1	-7.19841
734000	734	3.50695	39453.2	-35930.4	13791.9	17239.2	77688.1	467.577	17400.5	4.49177
735000	735	3.53972	39821.8	-35828.9	14140.8	17318.4	77679.4	402.592	17646.1	17.3476
736000	736	3.50183	39395.6	-35916.6	14267.1	17292	77432.5	324.794	17738.8	11.8028
737000	737	3.50064	39382.2	-35723.8	13817.7	17571.8	77698.7	308.952	17503.1	-22.7089
738000	738	3.56129	40064.5	-36023.5	14009.3	17651.3	77568	488.193	17376.9	7.99828
739000	739	3.50861	39471.9	-35884.8	13894.3	17833.9	77660.6	376.262	17301.9	4.17564
740000	740	3.46621	38994.8	-35959.4	14117.6	17340.5	77842.2	386.098	17608	15.1296
741000	741	3.49883	39361.8	-35860.4	14186.8	17604.8	77724.9	385.766	17509.4	-1.66514
742000	742	3.49734	39345.1	-35802.8	14008.1	17565.4	77575.4	466.117	17763.9	22.6325
743000	743	3.5121	39511.1	-35956.6	14517.6	17439.2	78082.8	392.8	17440.3	-0.209122
744000	744	3.47118	39050.7	-35829.9	14128.5	17963.7	77400.9	419.872	17127.5	-15.8144
745000	745	3.50736	39457.8	-35879.2	14333.2	17319.2	77667.2	366.06	17621	-28.8178
746000	746	3.54571	39889.2	-36059.9	14201.4	17494.4	77810	395.947	17334	-10.6151
747000	747	3.55308	39972.1	-35986	14539.7	17445.5	77694.6	418.12	17389.7	-2.33551
748000	748	3.556	40005	-36006.7	14165.4	17207.6	77578.7	451.565	18040.5	26.5854
749000	749	3.47207	39060.8	-36014.5	14067.6	17899.4	77095.5	453.893	17596.2	-7.92724
750000	750	3.49838	39356.8	-35925.9	14348	17368.6	77747.8	433.718	17833.9	30.5815
751000	751	3.51098	39498.5	-35966	14176.2	17664.6	77129.2	368.905	17546	2.59158
752000	752	3.51815	39579.1	-35739.5	14022.5	17587.7	77138.5	445.864	17559.5	-10.612
753000	753	3.51251	39515.8	-35878.8	14194	17630.6	76856	365.726	18084.2	26.341
754000	754	3.51588	39553.6	-35766.7	14095.5	17125.2	77114.5	466.145	18133.8	38.8405
755000	755	3.50735	39457.7	-35768.1	14105.7	17867.4	76940.3	486.265	17724.9	-18.7129
756000	756	3.47886	39137.2	-35973.7	14135.4	17766.6	77696.4	330.827	17467.8	-6.25541
757000	757	3.51169	39506.5	-35958.2	14421.8	17355.8	77117.3	432.284	17916	0.505018
758000	758	3.51263	39517.1	-35894.3	13997.6	17308.9	77502.7	411.691	17688.2	17.0207
759000	759	3.50071	39383	-35936.4	14022.2	17328	77423.5	422.691	17786.9	11.0483
760000	760	3.51002	39487.7	-35842.2	14112.1	17217.9	77566.8	428.077	17670.2	22.0273
761000	761	3.50587	39441.1	-35847.1	14103.2	17580.3	76838.5	361.905	17736.2	-2.23706
762000	762	3.49764	39348.5	-36003	13998.5	17778.7	76826.1	465.106	18111.8	3.01651
763000	763	3.46999	39037.3	-35836.1	14063.6	17320.7	76769.9	447.086	17754.5	-22.2205
764000	764	3.51259	39516.6	-35895.3	14145.8	17569.6	76758.1	424.449	17903.3	8.62522
765000	765	3.54156	39842.5	-35817.8	14150	17466.9	77256.7	394.931	17757.2	32.7633
766000	766	3.49162	39280.8	-36000.1	14506.4	17585.8	77512.3	436.518	17662.9	-29.279
767000	767	3.51677	39563.6	-36024.5	14118.3	17771.7	77084.7	410.102	17781.5	1.71595
768000	768	3.517	39566.2	-35904.2	13679.4	16947.7	77563.7	367.626	17779.5	4.91938
769000	769	3.49832	39356.1	-36029.7	14090.9	17271.7	77418.5	442.027	17838.9	-5.22893
770000	770	3.52958	39707.8	-36019.1	13903.6	17649.9	77860.2	358.011	17378.6	25.072
771000	771	3.55114	39950.3	-35891	14467.4	17605.2	76940.9	451.529	17604.8	5.45209
772000	772	3.56204	40073	-35869	14257.4	17937.8	77735.6	363.965	17783.7	26.6674
773000	773	3.52674	39675.9	-35909.4	14080.3	17391.9	77740.4	362.215	17823.9	-7.49267
774000	774	3.51511	39545	-36247.7	14201.6	17738.8	77422.8	430.562	17362.6	-53.6479
775000	775	3.47714	39117.9	-36134.2	14296.5	17363.6	77892.6	405.909	17366.5	12.2568
776000	776	3.47365	39078.5	-35962.4	14479.4	17968	77281.2	376.033	17517.1	-25.0484
777000	777	3.47849	39133	-35980.2	14220.7	17674	77617.9	423.975	17584.5	-27.3146
778000	778	3.47841	39132.2	-35773.5	13989	17197.6	77312.3	436.434	18062.8	24.7609
779000	779	3.50976	39484.8	-36217.8	14515.9	17205.1	77245.6	472.14	17855.5	9.47372
780000	780	3.54379	39867.6	-36012.5	14030.5	16874.5	78000	367.8	17919.8	6.34881
781000	781	3.54432	39873.6	-36092.7	14064.6	17169.2	77270.9	482.163	18045	-21.4294
782000	782	3.57811	40253.7	-35977.1	14147.7	17805.3	77274.8	371.117	17622.3	-1.44631
783000	783	3.48865	39247.3	-35664.1	14059.8	17352.3	77152.9	371.562	18046.5	33.2534
784000	784	3.46128	38939.4	-36084.1	14220.2	17544.5	77149.4	398.454	17907.4	-1.26254
785000	785	3.53221	39737.4	-36101.3	14150.7	17396.7	76609.3	447.479	18093.7	-0.604116
786000	786	3.52386	39643.5	-35853.1	14311.6	17387.1	77220.4	404.674	17861.6	-8.13209
787000	787	3.53704	39791.7	-35924	14037.7	17203.1	77579	478.429	17765.8	30.9416
788000	788	3.49446	39312.6	-36001.9	14290.6	17195.5	77786.6	445.959	17421.6	-10.1204
789000	789	3.48124	39164	-35838.8	14246.5	17244.5	77474.6	412.791	17875.9	19.3986
790000	790	3.45459	38864.2	-35948.8	14600.8	17065	77633	420.596	18120.4	11.368
791000	791	3.55607	40005.8	-36098.9	14188.8	17165.5	77463.7	442.079	17491.1	17.9832
792000	792	3.49315	39298	-35977.1	13580.4	17506	76588.4	449.187	17995.1	16.4661
793000	793	3.54382	39868	-36104.8	14616.6	17178.3	77783	366.214	17442.7	-18.5043
794000	794	3.56341	40088.4	-35859.1	13648.9	17380.7	77500	388.034	17726.2	16.0139
795000	795	3.47868	39135.1	-35805.5	13813	17388.6	77506.6	501.593	17958.6	43.2204
796000	796	3.52942	39706	-35789.3	14212.3	17038.6	77401.5	414.582	18074.8	3.47592
797000	797	3.45072	38820.6	-36035.6	14364.7	17066.8	77798.6	388.102	17401	-50.2913
798000	798	3.56833	40143.7	-35911.2	14179.2	17263.1	77733.1	373.497	17772.6	28.0755
799000	799	3.51716	39568	-35872.4	14457.5	17055.3	77845.5	415.87	17427.6	-4.70222
800000	800	3.55612	40006.3	-36128.7	14197.7	17185.7	77573.7	415.693	17662	34.6407
801000	801	3.5236	39640.5	-35879	14000.3	17863.6	77559.7	413.715	17343.2	-11.2166
802000	802	3.53105	39724.3	-36039.8	14303.6	17691.5	77342.7	355.12	17585.7	9.32595
803000	803	3.48953	39257.2	-36213.3	14074.9	17068.2	77581.6	422.102	17902.9	38.276
804000	804	3.55614	40006.6	-35675.2	13929.4	17129.7	77191.2	399.171	17919.8	3.25991
805000	805	3.54173	39844.5	-36057.6	13989	17401.3	77392.7	358.151	18014	-5.57078
806000	806	3.50596	39442	-35858	14030.2	17814.6	77131.5	368.895	17614.2	-26.545
807000	807	3.52242	39627.3	-35645.7	14312.8	17241.3	77363.5	368.108	17790	14.4637
808000	808	3.51253	39516	-35994.4	14461.6	17121.5	77958.8	428.962	17224.8	-35.2301
809000	809	3.5656	40113	-36081.4	14114.1	16902.2	78632.1	405.534	17358.3	10.4941
810000	810	3.56074	40058.3	-35993.9	14412.9	17546.2	78019.9	440.712	17431.8	26.2112
811000	811	3.46595	38992	-35946.5	14070.6	18105.1	77750.2	394.751	17340.1	17.6913
812000	812	3.48501	39206.4	-35931.1	13993.8	17648.6	77568.5	451.306	17184.2	-30.1764
813000	813	3.49836	39356.6	-35883	14086.8	17300.9	77684.6	388.192	17690.6	15.6178
814000	814	3.55883	40036.9	-35818.8	13871.5	17386.4	77692.7	418.119	17501.2	-1.48149
815000	815	3.52411	39646.3	-35850	14622.3	17290.1	77309.2	545.996	17840.5	5.90605
816000	816	3.47324	39074	-35936.7	14260.6	17042.9	77899.7	369.725	17414.5	2.7011
817000	817	3.50408	39420.9	-36140.3	14481.2	17432.4	78161.4	409.55	17574.6	30.5035
818000	818	3.50756	39460.1	-36024.4	14532.3	16922.4	77659.3	305.882	17649.4	-22.6926
819000	819	3.51951	39594.5	-36039.3	14308.7	17582.7	77900	386.316	17315.1	-14.2259
820000	820	3.54356	39865	-36070.6	14295.3	17242.4	77534.3	294.175	17745.1	-27.1965
821000	821	3.60197	40522.1	-36006.2	13863	17612.9	77996.7	407.152	17513.3	16.9956
822000	822	3.53059	39719.1	-35980.2	14393.1	17175.6	77600.5	415.167	17860.9	-23.7524
823000	823	3.47789	39126.2	-36247.6	14109.8	17288.3	77428.3	396.419	17705.6	11.2195
824000	824	3.56609	40118.5	-35881.8	13872.8	17004.7	78422.8	373.224	17296.1	26.5407
825000	825	3.53065	39719.8	-35890.7	14461.4	17086.4	77695.2	399.755	17845.5	-0.71547
826000	826	3.50031	39378.4	-35849.6	13849.2	17249.3	77680.1	384.265	17422.5	-19.978
827000	827	3.48755	39234.9	-35995.3	14368.7	17408.9	77997.5	426.798	17347.8	-53.3708
828000	828	3.48853	39246	-35925.5	14001.4	17821.6	77758.3	416.544	17435.5	-1.66229
829000	829	3.50234	39401.4	-36060.7	13517.6	17310.4	77903.7	369.113	17343.6	6.13603
830000	830	3.5581	40028.6	-36134.4	14010.2	17348.4	78163.3	418.999	17613.6	35.5674
831000	831	3.51954	39594.9	-35869.7	13492.1	17570.3	77326.8	471.337	17716.4	40.5026
832000	832	3.51457	39538.9	-36075	14096.2	16854.6	77407.1	451.754	18429.4	41.9209
833000	833	3.49029	39265.8	-35905.4	14189.9	17155.2	77638.9	421.304	17639.7	-8.48704
834000	834	3.52271	39630.5	-36105.9	13982.9	17800.5	77465.5	457.773	17669.2	-19.995
835000	835	3.54134	39840.1	-35989.1	13928.7	17507.5	77313.1	390.243	17755.9	22.8558
836000	836	3.51259	39516.6	-36031.5	14225	16839.7	78133.9	387.886	17564.8	7.08946
837000	837	3.49372	39304.3	-35994.3	14129.9	17054.3	78176.5	427.604	17426.5	19.7754
838000	838	3.47836	39131.5	-36117.8	14334.8	17669.2	78253.1	421.275	17545.7	4.39793
839000	839	3.48508	39207.2	-36266.5	14393	17143.1	78535.3	345.405	17077.3	1.0414
840000	840	3.48923	39253.8	-36126	14460.3	17391.8	78043.4	414.585	17434.9	-11.675
841000	841	3.5467	39900.3	-35925	14011.3	16916.2	78445.7	330.999	17341.9	-17.8538
842000	842	3.52579	39665.1	-35749.4	14567	17564.3	78292.5	351.743	17218.7	-25.0714
843000	843	3.50396	39419.5	-35691.1	13808.8	17619.9	78194.5	381.665	17291.2	-15.0131
844000	844	3.52386	39643.4	-35818.4	13942.6	16872.8	77786.5	427.621	17562.5	16.2906
845000	845	3.52437	39649.2	-35717.7	14412.9	17304.9	77293.2	392.02	17888.6	-13.3779
846000	846	3.52919	39703.4	-36057.7	13812.2	17732.6	77735.8	364.763	17489.7	-9.94926
847000	847	3.55284	39969.4	-35830.6	13482.8	17007.5	77819.5	355.965	17508.2	60.0111
848000	848	3.55529	39997.1	-35922	13893.4	17646.1	77534.8	423.559	17320.1	10.7364
849000	849	3.52594	39666.8	-35993.1	14075.3	17323.7	77149.1	422.684	17917.7	-8.79094
850000	850	3.50959	39482.9	-35861.8	14370.8	17248.9	76958.8	402.681	17777.1	-36.9861
851000	851	3.46581	38990.4	-35638.3	13967.9	17353	77682.6	378.061	17505.3	17.0309
852000	852	3.48279	39181.4	-35872.2	13776.6	17612	77243.1	417.511	17720.4	10.9724
853000	853	3.5148	39541.6	-35845.2	14743.1	17747.9	77413.8	424.107	17383.4	-23.0436
854000	854	3.52995	39712	-35794.5	13940.5	17170.1	77739.6	461.69	17582.3	40.064
855000	855	3.54489	39880.1	-35959.9	14137.6	17107.6	78201.1	381.005	17419	2.41866
856000	856	3.4748	39091.5	-36004.5	13972.7	17572.3	77522.7	397.464	17348	-13.2872
857000	857	3.54002	39825.2	-35898.6	14176.8	16964	77726.8	357.928	17586.1	3.50481
858000	858	3.57931	40267.3	-35761.8	14374.2	17025.9	77288.3	368.16	17783.1	-4.08113
859000	859	3.56248	40077.9	-36109.8	14164	17367.4	78061	340.234	17458.4	25.643
860000	860	3.54275	39855.9	-35925.1	14533.4	17039.6	78235.4	411.078	17241.7	-13.2234
861000	861	3.50696	39453.3	-36020.5	14266.8	17222.7	78804.2	483.097	17113.9	-9.07944
862000	862	3.52548	39661.6	-36003.1	14002.1	17881.1	77743.9	409.316	17537.4	21.906
863000	863	3.48393	39194.2	-36000	14010.9	16916.8	77968.9	356.758	17813.6	7.07916
864000	864	3.46416	38971.8	-35878.7	14117.1	17278.1	78048.8	399.126	17607.4	20.2146
865000	865	3.5301	39713.6	-35902.6	13818.7	17268.7	78432	430.024	17323.4	15.1622
866000	866	3.52963	39708.3	-35911.1	13881.3	17351.9	77666.6	458.218	17727.8	-0.494619
867000	867	3.53263	39742.1	-35817	14320.3	17228.7	77352	432.805	17937.2	2.56004
868000	868	3.50285	39407.1	-36096.9	13915.3	17429.4	77812.5	423.075	17448.4	-1.53832
869000	869	3.51914	39590.3	-35722.1	14294	17397.5	78137	405.318	17269.2	9.62645
870000	870	3.54869	39922.7	-36006.6	14141.8	17284.5	77584.6	430.565	17771.9	14.9706
871000	871	3.53555	39774.9	-36132.9	13861.4	17468.3	78252.2	425.713	17386.5	22.0398
872000	872	3.48791	39239	-35887.3	13812.1	17545.7	77665.2	463.374	17363.6	6.58458
873000	873	3.52695	39678.2	-35914.4	14432	17382.5	77697.3	396.799	17193.5	-15.3698
874000	874	3.49884	39361.9	-35937.2	14510.1	17245.6	77812.2	325.996	17622.8	-4.14059
875000	875	3.50769	39461.5	-35895	14234.2	17713.2	77716.8	353.807	17397.9	-1.07773
876000	876	3.49072	39270.6	-35874	14231.4	17088.2	78168.7	396.991	17495.5	62.3736
877000	877	3.47715	39118	-35985.1	14499	17386.8	77848.5	473.981	17083.4	-22.7764
878000	878	3.5094	39480.8	-36107.4	14107.3	17290.1	77859.6	375.475	17429.4	-4.15165
879000	879	3.4929	39295.1	-35968.1	14116.9	17459.3	77531.3	448.507	17494.6	-27.7475
880000	880	3.53867	39810.1	-35884.5	14600.3	17705.2	77678.6	466.601	17575.2	-1.88609
881000	881	3.47585	39103.3	-36124.9	14201.7	17305.3	77879.5	454.834	17361.7	-1.19506
882000	882	3.48254	39178.6	-35918.4	14232	17016.4	78015.9	335.027	17548.1	28.0087
883000	883	3.52183	39620.6	-35916.9	14612.2	17177.7	77328	423.364	17538.2	-9.31517
884000	884	3.48403	39195.3	-36067.9	14690	17581.2	77408.8	435.428	17415.6	-58.8514
885000	885	3.50183	39395.6	-36194.3	14242	17268.3	77747.8	362.906	17504.4	-25.1711
886000	886	3.52441	39649.6	-35879.3	13980.8	17184.9	77489.5	430.444	17506.4	8.46917
887000	887	3.51532	39547.3	-36043.8	13990.8	17479.4	77617.4	500.321	17530.7	6.03542
888000	888	3.53827	39805.5	-35796.7	14787.7	16962.9	77287	421.992	17794.6	-11.7518
889000	889	3.43825	38680.3	-36095.3	14293.1	17540.5	77023.4	404.486	17783.8	-8.01319
890000	890	3.52933	39705	-35975.1	13897.6	17235.9	77902.4	442.487	17612.8	34.1102
891000	891	3.45121	38826.1	-35834.2	14619	16804.3	77276.4	475.083	17748.1	-41.4983
892000	892	3.50381	39417.8	-35818.7	13826.2	17010.8	77768.6	339.265	17723.9	4.85205
893000	893	3.52281	39631.6	-35980.1	14054.2	17797.7	77586.2	383.644	17472.5	-2.91768
894000	894	3.49643	39334.8	-35869	14371.9	17422.3	77633.6	390.014	17655.2	-17.8601
895000	895	3.50546	39436.5	-35909.9	14165.2	17709.7	77610.4	447.351	17602.8	-2.94449
896000	896	3.46885	39024.6	-36087	14328	17352.5	77671.7	438.126	17691.7	-32.5575
897000	897	3.49066	39269.9	-35980.5	14024.7	17571.8	77958.5	401.021	17628.5	23.9631
898000	898	3.50217	39399.4	-35882.8	14196.6	17318.5	77856.8	436.847	17416.4	24.9837
899000	899	3.49964	39370.9	-35911.4	13781.7	17279.1	77064.5	397.909	17688	-6.7009
900000	900	3.51931	39592.3	-35750.4	13699	17731.9	76895	378.499	17810.2	12.9612
901000	901	3.54502	39881.5	-36109.7	14266.4	17395.3	77519.9	504.789	17641.5	-14.6512
902000	902	3.45114	38825.4	-35786.6	14389.4	17249.1	77042.7	433.2	17624.7	-2.92582
903000	903	3.53017	39714.4	-36013.3	14228.1	17620.4	77275.7	395.843	17633.7	-9.72184
904000	904	3.45913	38915.3	-35633.7	13921	17329.6	77648.9	394.567	17607.2	25.6525
905000	905	3.52738	39683.1	-36110.6	13489.2	17232.2	77622.8	429.152	17589.4	9.828
906000	906	3.52092	39610.3	-35904.5	14309.8	17191.3	77519.4	431.157	17628.7	4.25171
907000	907	3.51489	39542.5	-36045.6	14208.6	17822.5	77712.3	451.285	17254.1	26.1468
908000	908	3.47445	39087.6	-35758	14320.3	17052.7	77997.3	420.877	17413.3	-2.10117
909000	909	3.51687	39564.8	-35966.3	14129.6	17206.7	77295.2	366.228	17996.4	33.3329
910000	910	3.49044	39267.5	-35917.8	14496.4	17246.3	77794.5	307.409	17414.1	-21.9429
911000	911	3.51052	39493.4	-35888	14320.9	17630.2	77158.5	355.72	17575.3	-35.2698
912000	912	3.48264	39179.6	-36117.3	14171.6	16956.2	77652.5	436.387	17449.8	-17.1705
913000	913	3.50034	39378.9	-35881.2	13882.1	17541.4	78200.3	466.274	17338.7	49.4511
914000	914	3.46879	39023.8	-35999.6	14015.3	17556.6	78246.6	395.223	17119.1	-6.45675
915000	915	3.50531	39434.7	-35999	13998.1	17320.4	77678	479.394	17238.7	-18.094
916000	916	3.5023	39400.8	-35856.9	14004.6	17311.4	77315.7	506.423	17532.1	5.43551
917000	917	3.51849	39583	-35627.8	14061.6	17414.3	77458.2	353.797	17772.4	26.4947
918000	918	3.56048	40055.4	-35960.4	14207.7	17386.2	76838.5	493.515	17761.5	-12.8799
919000	919	3.48707	39229.5	-35857.5	14320.9	17198.7	77416.7	357.957	17693.1	-23.0186
920000	920	3.52619	39669.7	-35934.9	14001	17108.1	77479.5	425.219	17660.3	-5.46487
921000	921	3.44664	38774.7	-35716	14103	17928.7	76821.8	403.684	17831.8	5.9532
922000	922	3.44458	38751.5	-35844.4	14276.3	17416.4	76914.9	366.247	17690.9	-18.0529
923000	923	3.54962	39933.2	-35682.4	13980.8	17316.7	77378.6	384.87	17946.3	-6.14584
924000	924	3.52832	39693.6	-36022.4	14416.4	17464.9	77320.2	399.524	17535.7	7.20676
925000	925	3.52893	39700.5	-35909.5	14164.3	17558.1	77491.5	424.304	17611.8	12.6646
926000	926	3.55666	40012.4	-35965.6	14057.8	17189.3	77631.2	493.621	17717.8	15.612
927000	927	3.51813	39578.9	-36053.3	14205.9	16996.3	77313.7	362.888	17954.7	7.34348
928000	928	3.48864	39247.2	-36013.3	14353.1	17208.4	77276.5	378.784	17687.6	-0.0141038
929000	929	3.55981	40047.9	-35875.8	14076.1	17506	77498	394.457	17520	-30.5949
930000	930	3.49158	39280.3	-35931.8	14133.4	17346.9	77612.1	419.025	17748.6	-32.7685
931000	931	3.54509	39882.3	-36069.8	14033.3	17982.8	77516.8	415.424	17145.7	1.00483
932000	932	3.54614	39894.1	-35939.6	14286	17354.2	77335.9	354.305	17805.2	-4.75745
933000	933	3.59723	40468.8	-35916.5	14393.2	17781.7	76846.2	407.616	17868.9	4.89388
934000	934	3.48682	39226.7	-35889.2	14042.7	17209.3	77195	475.153	17610.8	6.49024
935000	935	3.48545	39211.3	-35751.8	14054.4	17735.7	77789.8	350.133	17442.3	8.50408
936000	936	3.5258	39665.2	-35899.1	14234.4	17325.9	77181.7	388.902	17416.8	-22.1298
937000	937	3.51734	39570.1	-35884.1	13565.4	17509.6	77264.5	423.566	17789.7	36.2695
938000	938	3.52824	39692.7	-35900.9	14238	17380	77489.8	402.946	17691	-10.877
939000	939	3.50852	39470.9	-35803.8	14215.2	17444.9	76608.1	384.506	17829.2	-17.7619
940000	940	3.4837	39191.6	-35855.7	14072	17405.3	77959.2	492.346	17324.6	11.1859
941000	941	3.4614	38940.7	-36051.6	14258.3	17931.7	77219.8	446.707	17306.9	-26.8595
942000	942	3.56066	40057.5	-36073.1	14225.4	17164.9	77441	441.685	17734	-2.00362
943000	943	3.51245	39515.1	-35706.4	14244.4	17438.1	77550.5	420.522	17769.9	5.29302
944000	944	3.56636	40121.5	-35923.6	13959.6	17448.1	77741.6	440.31	17185.3	25.6163
945000	945	3.49612	39331.3	-35867.2	14314.3	17324.2	77815.6	310.54	17351.2	-33.4368
946000	946	3.53074	39720.8	-35880.2	14241.9	17419.4	77350.1	368.277	17742.1	-21.0692
947000	947	3.53339	39750.7	-35908.5	14093.4	16623	77832.2	283.73	18055.5	66.1835
948000	948	3.51117	39500.6	-35734.2	14439.4	17455	77194.3	375.096	17988.7	-5.45771
949000	949	3.59925	40491.6	-35955.1	14128.8	17762.3	77068.4	395.745	17508.2	-40.2488
950000	950	3.5488	39924	-35845.5	13886	17518.5	77278.4	345.872	17810.3	28.0195
951000	951	3.47479	39091.4	-36060.1	14092.9	17438.2	77750.1	426.814	17549.1	-30.336
952000	952	3.58828	40368.1	-36233.9	13923.4	17680.3	77567.9	447.661	17570.9	-12.7343
953000	953	3.47194	39059.3	-35936.3	14223.5	17583.8	77357.4	353.654	17493.7	-36.347
954000	954	3.51957	39595.1	-35929.9	13846.1	17556	77288.6	369.836	17378.6	-0.599837
955000	955	3.49385	39305.8	-36177.2	14182.4	17453.9	77902.1	400.978	17569	-5.13276
956000	956	3.56004	40050.4	-36056.7	14458.3	17250.6	77732.2	362.486	17559.8	3.32255
957000	957	3.43967	38696.2	-35895.4	14240.4	17328.3	77344.5	462.999	17718.8	20.9546
958000	958	3.54958	39932.8	-36017.9	14567.2	17550.1	77346.5	390.6	17499.4	-16.838
959000	959	3.48863	39247.1	-35935.1	14090.7	17891.3	77234.7	331.442	17549.3	-26.6818
960000	960	3.573	40196.2	-35884.1	14004.7	17407.2	77704.2	378.294	17243.1	-17.042
961000	961	3.57864	40259.7	-36024.5	14587.5	18247.6	77630.2	368.217	17005.3	-8.23565
962000	962	3.5173	39569.6	-35757.8	14106.9	17493.2	78215.8	455.531	17348.6	9.19409
963000	963	3.51003	39487.8	-35779.2	14707	16876.4	77950	379.085	17375.6	2.73713
964000	964	3.52108	39612.1	-35897.3	14402.4	17368.9	78171.5	334.992	17491.5	15.5512
965000	965	3.52337	39637.9	-35970.7	13962.6	17331.8	77891.7	447.473	17314.5	16.2613
966000	966	3.49038	39266.8	-35860.8	14186.1	17269.1	77778.5	347.181	17184.5	-17.9092
967000	967	3.50767	39461.3	-35823.2	13997.4	16828.2	78085.3	400.016	17285.7	10.4529
968000	968	3.52716	39680.5	-35933.3	14194.9	17347.7	77830.5	482.299	17506.7	7.80276
969000	969	3.57611	40231.2	-36023.8	13751.2	17636.8	77350.1	431.39	17885.1	33.3094
970000	970	3.54661	39899.4	-35875	13723.5	16907.9	77158.5	497.446	18050.9	11.3598
971000	971	3.5324	39739.5	-35787.5	13845.2	17408.2	77398.3	474.678	17669.7	28.9293
972000	972	3.55217	39961.9	-35882	13790.8	17310.6	77538.6	389.438	17492.2	6.87704
973000	973	3.53894	39813.1	-35870.1	14179.6	17368.4	76874.8	443.722	17923.3	8.11422
974000	974	3.52501	39656.3	-35859	14092.9	17547	77458.7	414.627	17641.9	-6.13279
975000	975	3.51799	39577.4	-36007.8	14174.5	17651.9	77300.8	395.251	17515.6	-13.2832
976000	976	3.51021	39489.8	-35847.3	14124.4	17929.4	76360	443.942	17858.9	-11.6023
977000	977	3.50147	39391.6	-35792.5	14111.2	17407	77251.7	387.01	17770.5	-16.4351
978000	978	3.50189	39396.2	-35784.4	14124.2	18060.9	76975.1	499.768	17504.1	3.35228
979000	979	3.50458	39426.5	-36175.8	14053.9	17240.7	77626.1	354.286	17697.2	4.89238
980000	980	3.44234	38726.3	-35942.1	13652.7	17487.5	77318.9	435.883	18003.2	17.8118
981000	981	3.46078	38933.7	-35886	14311.7	17710.7	76698.5	372.35	17670.5	-12.0741
982000	982	3.56921	40153.7	-35821.3	13904.6	17968.7	76875.9	370.906	17965.9	16.5876
983000	983	3.46782	39013	-35784	14151.9	17304.1	76822.1	413.819	17885.7	3.92118
984000	984	3.55988	40048.6	-35967.1	14441.3	17952.9	76954	477.781	17503.3	-19.7807
985000	985	3.58167	40293.8	-35935.8	13912.3	17258.5	76346.7	443.949	18320.8	24.2756
986000	986	3.54371	39866.7	-36004.8	14365.9	17393.5	77043.3	427.962	17491.2	-59.8464
987000	987	3.50341	39413.3	-35875.9	14170.3	17026.9	77503	390.508	17673.1	-9.51294
988000	988	3.51661	39561.8	-35602.8	14398.4	17659.6	77563.4	445.702	17670.3	0.737266
989000	989	3.49388	39306.1	-35687.6	13970.7	17605.7	76711.1	417.801	17939	13.8958
990000	990	3.5459	39891.3	-35962.5	14084.3	17546.5	77295.1	464.562	17370.1	-10.5096
991000	991	3.4456	38763	-35903	13826	17541.9	77033.9	468.678	18114.7	30.4706
992000	992	3.4946	39314.3	-35839.5	14010.7	17680.1	76559.1	423.592	17870.4	8.72602
993000	993	3.54582	39890.4	-36062.9	14308.4	17205.1	77463.3	363.925	17957.8	1.95244
994000	994	3.47658	39111.5	-35943.1	14084.3	17100.7	78238.5	320.937	17482.2	3.62993
995000	995	3.52014	39601.5	-35715.6	14322.8	17758.2	77298.4	494.354	17479.3	4.69838
996000	996	3.5136	39528.1	-35707.8	14100.6	17435.7	77499.1	422.235	17549.5	23.4535
997000	997	3.50312	39410.1	-35899.2	14441.1	17156.4	77687.2	476.57	17586.1	21.2699
998000	998	3.54265	39854.8	-35914.3	14444.3	17014.6	77401.2	395.853	17861.1	-27.4992
999000	999	3.52887	39699.8	-36010.4	13809.2	17508.2	77466.1	391.185	17603	4.23456
1e+06	1000	3.48805	39240.5	-35742.6	14124.4	17768.6	77486.4	473.709	17629.9	13.747
