step	time	T	Ekin	angle_12	angle_160	angle_166	bond_71	bond_82	coulomb	dihedral_51	dihedral_83	lj	lj-14_0	lj-14_1	lj-14_2	lj-14_3	lj-14_4
0	0	3.01699e-32	6.83347e-29	647.014	2780.63	822.777	1882.66	1017.4	581.662	673.749	929.184	-508.365	51.9454	539.103	3.46873	5.47697	56.2556
500	0.5	3.52105	7975.18	648.395	2614.86	912.612	1965.86	944.028	575.493	676.892	848.033	-505.912	47.3008	521.648	0.551614	8.5283	63.5297
1000	1	3.58231	8113.93	700.225	2890.54	848.81	1945.42	1098.19	588.202	666.451	905.879	-517.081	53.9644	537.648	1.16184	8.81643	52.7396
1500	1.5	3.51198	7954.64	640.885	2692.25	835.088	1996.53	845.594	571.661	680.851	905.661	-517.03	56.2193	536.508	4.06337	8.99596	69.8037
2000	2	3.47341	7867.28	664.43	2745.06	797.049	1934.7	947.515	582.907	667.78	915.769	-453.129	47.8271	553.755	1.29958	7.54454	85.9353
2500	2.5	3.65307	8274.2	631.7	2997.73	814.078	1987.12	839.196	575.254	676.567	858.839	-523.579	57.2903	539.105	0.415057	11.383	68.7712
3000	3	3.56931	8084.5	710.475	2856.07	876.043	1906.45	993.76	572.132	674.349	828.289	-551.181	65.6116	564.012	3.64336	4.80774	74.3619
3500	3.5	3.61852	8195.95	649.951	2779.39	786.921	1897.01	964.642	591.959	652.018	854.75	-502.462	64.7232	598.838	2.9278	5.10862	63.0561
4000	4	3.54437	8027.99	720.257	2889.41	863.702	1813.04	901.002	589.351	662.901	936.673	-529.814	58.9782	524.987	0.637756	5.82347	46.498
4500	4.5	3.54929	8039.14	705.213	2957.45	828.019	1768.74	847.585	596.058	653.972	916.481	-533.409	64.4253	560.247	0.029892	5.36641	62.2673
5000	5	3.5506	8042.1	626.452	2825.2	888.007	1851.5	1007.42	594.167	655.522	894.189	-499.087	46.0293	567.086	0.619492	4.72075	74.6926
5500	5.5	3.64168	8248.4	628.127	2766.66	942.128	1733.32	1124.96	594.434	662.3	963.825	-528.261	66.3429	537.471	0.015489	3.86188	54.443
6000	6	3.45338	7821.9	732.195	2907.69	808.649	1899.98	907.349	601.748	653.463	956.838	-553.787	67.1606	542.416	3.28387	9.6643	45.647
6500	6.5	3.50621	7941.56	684.294	2794.59	813.16	1792.05	1013.65	604.494	645.583	975.06	-504.72	58.6148	571.457	2.87006	4.2977	49.1221
7000	7	3.48354	7890.22	672.561	2949.61	859.021	2128.84	976.798	607.485	645.609	970.128	-489.59	60.8829	579.227	0.610119	5.06314	51.7957
7500	7.5	3.46456	7847.23	603.193	2936.36	889.824	2055.39	1012.78	600.193	633.427	849.287	-531.653	65.1684	532.566	0.636883	5.7811	50.0407
8000	8	3.52851	7992.07	615.777	2895.61	805.713	1808.28	1021.17	612.814	622.699	909.186	-609.266	58.9509	555.579	3.16229	4.82689	40.0878
8500	8.5	3.4422	7796.59	679.272	2905.78	881.272	1945.48	1124.32	605.184	649.978	949.668	-558.474	57.7484	585.744	2.42163	4.03024	43.9624
9000	9	3.51067	7951.67	606.759	2826.15	851.24	1926.39	1074.89	583.158	664.996	890.094	-478.229	52.8759	532.988	4.79464	6.29281	70.1263
9500	9.5	3.54834	8036.99	651.421	2799.91	860.443	1842.3	882.191	585.257	666.014	833.062	-516.188	48.1003	557.066	2.39758	2.94252	48.3708
10000	10	3.45024	7814.79	692.952	2813.44	905.966	1963.12	920.138	584.066	659.6	886.542	-568.976	69.3991	554.351	3.56522	7.41434	51.2545
10500	10.5	3.54206	8022.76	655.952	3004.47	884.11	1833.94	960.556	591.833	655	967.929	-537.753	68.1761	521.035	3.6707	5.02289	41.8839
11000	11	3.62407	8208.51	719.698	2866.33	892.086	2183.48	998.481	587.683	669.255	922.621	-540.645	64.5118	545.559	1.96569	7.6295	50.8885
11500	11.5	3.36519	7622.16	677.406	2875.43	804.395	1911.03	994.392	592.093	657.641	915.247	-510.604	59.9474	589.87	1.69272	5.75606	53.227
12000	12	3.51513	7961.77	694.237	2723.98	906.199	1893.13	900.892	593.308	654.456	944.849	-536.601	43.933	571.448	3.54474	4.37576	45.8495
12500	12.5	3.54041	8019.02	702.958	3035.87	802.126	1831.14	931.141	596.715	650.604	925.492	-521.022	63.2731	559.811	4.26025	5.05525	44.7824
13000	13	3.45092	7816.32	717.443	2788.47	748.812	2119.08	1064.73	586.449	657.333	844.929	-506.696	53.5137	549.151	8.07238	4.11868	48.7144
13500	13.5	3.63319	8229.17	683.008	2837.97	865.058	1757.18	969.208	591.407	653.476	957.716	-534.369	83.8342	519.539	3.36068	5.29676	56.817
14000	14	3.45719	7830.54	694.343	2941.7	829.501	1981.04	946.078	589.096	654.328	873.791	-518.912	61.8846	533.839	2.25652	3.5623	42.202
14500	14.5	3.44529	7803.58	668.323	2940.9	816.305	1948.65	963.535	581.419	662.884	900.172	-532.475	59.9963	524.971	8.00627	7.47034	47.0604
15000	15	3.3806	7657.07	656.444	2763.14	871.521	1980.53	942.824	569.219	678.333	873.053	-467.339	64.7916	515.128	4.58997	3.15869	69.5893
15500	15.5	3.47084	7861.46	654.438	3009.3	851.082	1888.59	900.672	580.389	669.522	930.631	-540.901	75.4792	557.431	1.97514	3.17426	59.1894
16000	16	3.41759	7740.85	691.775	2823.8	924.974	1863.02	933.061	580.661	680.962	1015.05	-522.519	65.5779	576.057	7.13406	5.3801	46.5544
16500	16.5	3.53369	8003.8	615.797	3095.34	870.095	1968.89	1024.48	575.226	680.615	981.197	-523.538	84.3805	553.706	3.87296	5.36226	53.5623
17000	17	3.44331	7799.09	723.839	2815.01	815.403	2016.95	900.643	578.531	679.806	985.593	-563.943	73.4349	576.74	4.43801	3.4351	50.6837
17500	17.5	3.48598	7895.74	643.08	2863.86	770.219	1847.53	1031.23	568.159	684.031	916.708	-502.145	64.5567	532.368	2.35405	3.003	63.4079
18000	18	3.50242	7932.99	650.545	2974.54	790.975	2024.82	879.554	574.968	671.469	861.28	-582.984	64.6505	540.604	5.90537	2.72425	50.7064
18500	18.5	3.53504	8006.86	692.044	2964.3	971.226	1867.48	874.001	568.353	686.308	879.695	-557.706	58.6895	531.203	3.11829	3.69174	49.868
19000	19	3.41463	7734.13	594.502	2890.3	896.8	2022.01	985.244	558.016	699.53	927.897	-574.982	65.0851	514.062	10.4627	3.2952	58.6026
19500	19.5	3.61876	8196.48	673.741	2922.51	811.263	2012.09	884.602	571.725	694.723	955.538	-505.984	79.4361	566.623	2.76519	3.33153	56.5788
20000	20	3.52601	7986.42	626.18	2770.08	905.32	1903.58	899.328	576.447	694.672	990.654	-538.507	60.7551	580.866	5.06402	2.48343	53.9763
20500	20.5	3.60585	8167.26	639.223	2889.52	793.094	2029.37	909.291	546.226	723.833	913.066	-515.047	69.61	523.432	4.57855	4.0655	76.1647
21000	21	3.6114	8179.83	678.368	2949.02	804.095	1926.16	913.781	552.203	717.327	926.989	-505.254	60.5109	516.717	5.02221	4.36961	64.8717
21500	21.5	3.53496	8006.67	684.549	2836.25	806.445	1993.99	892.956	556.388	718.622	954.177	-490.173	56.1791	511.093	3.5795	10.4903	59.886
22000	22	3.49289	7911.39	674.384	2694.1	873.694	1822.28	888.827	551.031	721.343	955.32	-530.766	62.197	526.701	2.55875	3.80266	68.7132
22500	22.5	3.45041	7815.19	646.894	2901.71	741.423	1951.15	993.491	549.525	724.67	925.16	-536.717	76.4797	547.273	2.9567	6.56136	67.4476
23000	23	3.50454	7937.78	631.187	2744.13	806.199	1964.23	1057.46	566.807	701.892	938.721	-545.922	70.2051	524.911	2.08667	5.81433	56.6025
23500	23.5	3.42844	7765.42	731.422	2895.9	785.406	1911.65	1014.22	558.665	716.461	984.686	-505.88	72.8641	531.307	3.87936	6.89741	55.0519
24000	24	3.56789	8081.28	691.932	2787.57	841.818	1845.96	1039.3	543.544	742.462	960.38	-561.835	69.6457	524.681	4.94642	6.62121	65.5449
24500	24.5	3.53022	7995.95	725.493	2847.17	852.266	1808.4	952.257	546.361	728.526	946.86	-516.053	66.0608	524.858	2.18377	8.08694	66.3311
25000	25	3.41546	7736.01	693.044	2863.12	851.072	1900.94	980.001	561.791	701.903	937.234	-578.419	69.7672	554.57	2.27313	5.67639	60.4695
25500	25.5	3.52253	7978.52	696.073	2874.41	826.351	1934.45	978.526	560.959	710.947	904.417	-505.547	70.9543	562.986	1.60233	4.59952	59.8684
26000	26	3.57026	8086.64	669.531	2848.93	827.16	2025.69	982.84	551.899	724.762	957.865	-522.082	64.1483	528.162	3.46989	4.51458	68.5264
26500	26.5	3.51893	7970.37	725.529	2762.1	788.953	1951.43	963.776	535.347	747.977	980.461	-507.518	76.0259	517.465	3.18055	3.6932	70.0853
27000	27	3.65855	8286.62	657.815	2826.3	805.596	1879.32	957.047	543.32	736.59	977.809	-498.341	62.1003	541.086	5.28727	3.93639	77.7619
27500	27.5	3.38448	7665.85	778.775	3004.57	820.563	1715.72	931.167	535.801	750.281	996.732	-573.855	100.544	536.72	2.69786	5.18748	58.7311
28000	28	3.51603	7963.81	697.616	2847.82	803.392	1809.66	1092.05	535.949	747.287	984.391	-474.704	76.2921	539.591	5.37421	1.18524	64.0088
28500	28.5	3.35062	7589.15	689.293	2868.68	823.645	1819.46	963.549	531.472	761.705	1001.71	-571.36	81.0151	531.206	2.95614	4.6255	61.6507
29000	29	3.61595	8190.14	743.526	2916.63	879.07	1915.03	936.047	533.152	760.524	1000.05	-497.221	84.8711	572.96	1.19569	7.32618	68.8164
29500	29.5	3.46664	7851.94	692.166	2776.73	860.577	1890.01	963.365	518.091	776.947	989.065	-553.564	73.3043	521.069	1.91015	2.96964	74.8017
30000	30	3.51913	7970.84	777.217	2921.23	851.719	1975.61	1011.56	510.417	780.049	859.181	-524.775	75.9496	499.327	2.69446	7.14662	77.4654
30500	30.5	3.6157	8189.56	678.346	2990.78	911.183	1861.79	884.511	513.451	776.866	947.793	-544.589	85.0176	488.54	0.571779	7.90767	73.3937
31000	31	3.59057	8132.65	702.763	2916.29	869.562	1879.71	1005.25	503.277	790.23	916.114	-492.959	77.2984	505.309	6.82816	6.58042	83.687
31500	31.5	3.62625	8213.47	804.526	2887.06	912.51	1833.14	942.671	500.605	790.759	927.644	-543.862	73.9237	505.385	1.47948	5.86838	88.5839
32000	32	3.43362	7777.14	612.468	2840.07	888.978	1922.43	1057.37	524.454	766.877	983.292	-549.411	75.5622	519.398	2.58457	6.72685	68.3741
32500	32.5	3.50072	7929.14	688.645	2951.17	813.946	2104.51	953.997	529.877	764.522	993.877	-584.212	86.6923	556.032	2.62337	8.69622	64.4211
33000	33	3.46584	7850.13	699.817	2965.52	877.121	1878.02	988.008	538.304	740.281	905.848	-587.679	87.0829	513.132	3.90822	6.10439	63.182
33500	33.5	3.59207	8136.04	664.395	2866.96	806.221	1875.5	946.528	547.705	726.374	939.073	-551.151	72.2453	564.174	4.06448	5.41223	79.1646
34000	34	3.53944	8016.84	688.035	2782.64	945.711	1991.8	1017.7	569.83	700.405	960.606	-546.4	60.356	554.428	3.82421	3.91117	48.8219
34500	34.5	3.53123	7998.24	662.685	2989.14	934.543	1916.29	836.063	557.391	716.157	975.648	-596.906	80.5828	578.532	1.51719	4.22963	61.9
35000	35	3.47253	7865.28	656.521	2900.57	932.109	1902.88	916.151	564.094	703.892	978.392	-596.666	70.2886	513.491	5.83947	6.03833	55.5683
35500	35.5	3.33014	7542.76	743.211	2736.63	877.409	1920.62	860.39	560.232	717.617	1067.63	-571.711	76.0075	543.215	2.00848	9.63812	56.2206
36000	36	3.43464	7779.47	663.082	2919.2	890.316	1930.3	980.346	568.362	703.18	1058.77	-603.861	71.9019	560.523	0.134544	11.3432	54.0048
36500	36.5	3.50416	7936.91	669.102	2943.15	781.22	1926.88	885.445	570.57	702.883	965.196	-602.062	78.4454	570.083	0.0693092	7.9793	58.0968
37000	37	3.44449	7801.76	752.509	2811.09	866.924	1926.22	1011.12	551.237	719.807	971.676	-586.511	77.0066	525.358	3.87197	3.36773	54.6361
37500	37.5	3.45409	7823.52	770.676	2956.24	832.89	1961.57	941.754	553.16	717.339	866.008	-591.582	72.148	493.111	0.569749	6.22525	55.222
38000	38	3.47156	7863.08	726.876	2953.08	894.556	2038.77	946.176	553.68	710.335	941.917	-592.92	81.8243	524.28	2.22904	5.89163	66.7778
38500	38.5	3.54634	8032.46	648.435	2941.72	897.69	1852.98	1002.35	562.62	696.698	929.336	-549.597	68.1926	522.722	3.06956	4.52351	60.4335
39000	39	3.49943	7926.22	741.723	2849.36	846.081	1774.19	954.386	565.073	712.323	962.739	-571.06	58.3378	546.583	1.60455	4.30223	55.4473
39500	39.5	3.6427	8250.71	634.806	2947.32	935.509	1758.3	929.705	553.173	714.514	943.133	-541.746	70.8483	541.896	2.62216	4.16015	83.6255
40000	40	3.51437	7960.04	685.316	2863.67	965.382	1911.57	981.523	558.556	715.865	965.571	-597.487	68.0066	543.504	0.77855	6.4211	59.5099
40500	40.5	3.53502	8006.82	676.965	2859.42	924.317	1944.09	1023.13	566.096	712.725	1001.15	-581.165	64.5921	551.901	1.29359	4.85517	58.2759
41000	41	3.56652	8078.18	633.615	3020.14	785.393	1754.92	981.356	565.06	688.871	865.219	-549.282	71.8473	550.841	1.26203	5.36537	79.4357
41500	41.5	3.43456	7779.28	749.474	2964.87	883.202	1983.14	919.246	568.944	692.404	948.775	-521.956	65.8403	553.042	6.53107	4.0068	69.5103
42000	42	3.60671	8169.2	613.951	2778.12	815.451	1835.46	927.649	567.458	694.152	955.729	-534.144	76.9548	552.858	1.27039	10.1807	60.8721
42500	42.5	3.57779	8103.69	658.592	2728.74	868.556	1833.4	1032.66	551.217	722.268	949.95	-513.873	59.0567	541.871	4.56172	5.21707	70.1398
43000	43	3.49453	7915.1	753.837	2964.82	809.76	1924.5	939.532	558.476	711.294	922.348	-543.804	62.4483	548.033	2.02434	6.12564	55.8421
43500	43.5	3.48842	7901.27	678.421	2869.67	839.805	2019.07	903.566	551.497	716.029	989.848	-552.735	66.8745	548.192	5.1132	4.81507	73.5593
44000	44	3.50025	7928.08	617.087	2924.28	843.291	2070.79	950.343	541.828	724.035	895.886	-552.513	64.1214	519.516	4.42648	3.23008	69.9026
44500	44.5	3.61287	8183.15	677.511	2768.78	907.153	1912.39	899.861	533.957	736.372	929.809	-542.124	63.1175	494.555	8.20503	2.30809	83.5325
45000	45	3.595	8142.68	773.665	2886.84	914.104	2000.12	749.603	563.233	703.571	940.653	-566.86	77.506	549.323	1.42275	6.12069	62.7155
45500	45.5	3.52166	7976.55	673.614	2871.56	818.915	1915.49	907.646	551.043	720.235	936.459	-573.226	69.8628	535.709	3.45794	6.35606	73.2915
46000	46	3.60538	8166.18	614.425	2777.09	868.1	2014.13	1024.34	553.001	709.922	957.481	-580.487	68.7241	525.315	5.22825	4.37331	69.9686
46500	46.5	3.50696	7943.27	667.761	2754.21	895.443	1817.85	1039.14	546.469	728.904	918.285	-590.204	62.5793	538.535	2.80985	7.12303	65.7653
47000	47	3.49577	7917.92	703.427	2865.29	836.805	1895.67	1019.26	542.489	729.279	931.455	-566.737	63.1173	513.418	4.98285	5.25899	59.2125
47500	47.5	3.68083	8337.07	679.666	2971.9	833.401	2005.68	966.068	522.535	758.481	933.995	-583.408	90.7563	508.906	3.56594	2.50244	69.1882
48000	48	3.48767	7899.57	662.938	2916.43	824.803	1983.61	980.893	529.422	758.125	1021.6	-555.585	67.2388	519.546	4.50946	4.42792	63.5211
48500	48.5	3.5495	8039.61	689.941	2969.99	946.934	1940.57	955.622	527.521	756.784	991.653	-556.877	74.337	503.562	4.13214	7.81829	68.6499
49000	49	3.39348	7686.23	733.208	2949.52	814.913	2056.34	1001.64	519.397	766.645	944.867	-583.916	70.4035	532.808	1.28339	2.8837	75.0535
49500	49.5	3.57064	8087.51	769.415	2893.27	878.765	1886.62	999.414	522.607	772.732	995.153	-596.985	71.2395	536.105	6.32767	6.30524	62.8438
50000	50	3.60666	8169.08	670.955	2835.73	835.376	1966.52	970.847	530.709	753.055	978.7	-526.688	74.2092	567.898	2.43675	2.81588	77.2164
50500	50.5	3.56855	8082.76	721.752	2968.85	865.909	1885.58	973.681	530.897	766.017	1020.12	-560.132	82.6285	536.359	1.04411	4.08141	60.7214
51000	51	3.55479	8051.59	696.537	2941.96	772.927	1979.07	904.21	525.551	758.58	897.076	-561.23	70.7259	523.323	1.03018	6.68677	76.5971
51500	51.5	3.52875	7992.62	720.751	2880.29	917.822	1996.39	900.616	541.858	748.454	1017.71	-543.989	72.7931	581.876	5.71607	4.50508	63.3322
52000	52	3.49276	7911.11	620.188	2898.62	895.369	2027.58	887.557	518.443	774.097	1029.75	-582.798	80.3553	531.882	3.08712	5.9251	70.5377
52500	52.5	3.47106	7861.94	737.796	2860.61	779.292	1935.1	1042.26	528.841	764.839	989.719	-560.162	70.2212	574.52	3.32883	3.71445	69.7783
53000	53	3.56354	8071.42	634.9	2973.73	925.882	1944.19	1082.88	524.215	759.305	1022.83	-635.621	65.9537	507.504	1.38374	3.42957	67.3001
53500	53.5	3.63585	8235.2	651.32	2889.19	947.949	1936.61	1007.33	524.658	766.069	1030.25	-665.457	78.4664	508.733	3.62154	3.88153	48.086
54000	54	3.45319	7821.47	713.525	3072.88	860.359	1923.18	1004.42	533.147	751.607	999.931	-692.52	81.648	490.643	2.32358	8.39321	68.1957
54500	54.5	3.42396	7755.26	714.996	2766.08	837.267	2062.85	960.759	546.273	728.477	930.058	-676.179	70.303	542.219	-0.0979683	8.01221	75.6299
55000	55	3.47956	7881.2	686.404	2900.37	860.428	1910.05	887.464	558.207	719.517	993.207	-653.613	80.0247	567.151	1.87539	4.40992	81.8733
55500	55.5	3.475	7870.87	661.817	2817.67	892.405	1896.39	861.768	556.284	719.595	1019.82	-664.937	82.8675	538.766	0.465118	4.85118	59.3889
56000	56	3.36341	7618.12	659.838	3034.27	797.128	1807.1	994.526	545.002	727.77	958.274	-656.659	77.9918	518.654	0.69966	6.60607	71.4641
56500	56.5	3.45965	7836.1	676.69	2932.61	841.291	1849.83	898.66	539.425	739.903	915.087	-571.538	84.4036	513.034	-1.14273	10.6327	93.7528
57000	57	3.61378	8185.22	643.807	2824.84	757.252	1940.64	923.931	546.962	724.676	940.23	-650.51	66.4592	521.044	-1.15057	7.55552	70.9566
57500	57.5	3.45875	7834.07	706.749	2863.25	809.048	1802.57	941.715	556.406	717.138	890.783	-651.507	61.8091	568.578	-1.02761	5.31414	61.8831
58000	58	3.48743	7899.03	614.176	2903.06	786.724	1976.5	1018.96	544.163	723.78	886.966	-712.707	56.7818	482.327	-0.699164	7.72698	72.4779
58500	58.5	3.47719	7875.83	731.991	2896.36	903.018	1990.21	888.716	542.186	735.629	933.203	-677.351	52.3326	510.77	-0.478501	6.02323	70.1829
59000	59	3.4898	7904.4	633.784	2869	765.563	1954.28	933.405	558.735	725.976	955.372	-650.432	68.7705	570.478	0.409089	10.9108	65.5344
59500	59.5	3.48433	7892.01	640.699	2837.24	811.003	1860.9	986.088	558.916	712.956	955.049	-603.329	57.905	555.198	-0.799729	7.46382	73.9108
60000	60	3.31691	7512.81	654.198	3039.37	915.697	1941.67	984.56	561.87	708.519	987.247	-660.219	75.8865	538.891	0.854708	2.8703	55.8546
60500	60.5	3.38883	7675.71	698.622	2819.48	910.207	1972.48	908.439	547.113	724.971	961.087	-653.125	60.5838	530.296	1.50731	5.5478	74.4278
61000	61	3.54155	8021.61	672.811	2914.44	852.364	1933.8	909.884	543.772	725.317	935.418	-634.557	78.8374	517.714	0.0327696	3.64988	70.2027
61500	61.5	3.59845	8150.48	595.859	2762.1	824.145	2026.15	1101.82	560.135	713.185	991.472	-648.484	67.431	507.991	-0.214688	7.48355	57.5358
62000	62	3.38374	7664.17	674.884	2845	782.517	1856.93	929.373	566.827	701.481	968.561	-654.12	62.1365	558.18	1.6037	6.66431	54.3217
62500	62.5	3.58281	8115.07	651.046	2874.21	814.035	1896.95	862.703	550.159	717.288	979.52	-660.491	77.3419	540.564	3.00465	6.66657	71.0926
63000	63	3.47921	7880.4	601.466	2955.98	777.285	1982.14	949.312	557.473	716.668	916.127	-621.217	73.7813	518.366	1.16983	9.49605	55.6578
63500	63.5	3.46591	7850.3	726.935	2898.31	836.196	1888.65	954.349	513.483	771.775	948.026	-661.882	83.4955	492.812	3.20633	5.68727	73.3767
64000	64	3.46818	7855.43	697.45	2972.63	857.868	1916.99	950.206	536.127	746.528	930.912	-647.797	68.1434	531.733	4.02248	2.17589	52.5529
64500	64.5	3.40419	7710.49	734.984	2813.91	870.895	1983.17	948.755	523.369	753.983	911.551	-648.573	60.2084	508.709	7.66791	3.64007	60.887
65000	65	3.57884	8106.08	696.21	2991.65	827.786	1971.66	1027.86	532.108	739.385	864.064	-598.435	60.3248	477.34	3.8918	5.84231	70.1438
65500	65.5	3.58365	8116.97	633.267	2758.59	874.692	1871.52	883.096	551.311	713.141	908.742	-607.181	56.0689	539.716	2.11852	7.08414	64.1193
66000	66	3.71959	8424.87	680.915	2858.7	918.187	2021.4	850.891	542.654	735.383	965.585	-620.276	70.7173	527.496	2.57853	5.91397	65.3213
66500	66.5	3.57926	8107.02	665.387	2909.42	852.156	1933.54	914.862	542.113	746.922	1041.81	-592.58	66.2241	599.916	1.89216	4.29774	63.2784
67000	67	3.5104	7951.06	586.008	2884.1	905.295	1903.05	979.423	531.63	753.323	938.433	-625.747	64.2489	524.145	2.28537	7.50825	77.772
67500	67.5	3.56074	8065.08	701.311	3012.14	882.729	1833.52	957.691	554.831	718.14	938.299	-597.314	79.1412	532.049	0.581314	4.84226	66.9537
68000	68	3.64839	8263.59	650.642	3022.84	844.374	1946.26	1021.55	562.03	710.202	988.149	-585.503	80.4814	564.057	2.09656	5.95656	59.9109
68500	68.5	3.60548	8166.41	616.099	2938.81	808.714	2020.73	1002.06	560.928	707.679	957.621	-591.022	61.2916	545.725	-0.335372	5.95723	67.6897
69000	69	3.47239	7864.96	741.704	2745.92	810.716	1942.6	925.276	563.504	705.967	936.107	-635.918	54.4198	511.157	0.427054	8.34047	55.3571
69500	69.5	3.52317	7979.97	687.086	2912.66	779.002	1886.98	949.633	575.051	693.731	934.221	-640.063	68.4784	582.829	0.342949	3.59315	62.1347
70000	70	3.43205	7773.6	796.4	2719.04	861.81	1968.29	988.192	563.244	695.467	889.594	-620.785	62.4368	516.995	1.13413	6.44445	65.8299
70500	70.5	3.63439	8231.88	667.945	2909.56	750.935	1884.63	1050.15	584.536	676.327	1004.44	-620.711	81.7833	555.506	0.727982	6.686	52.2587
71000	71	3.47785	7877.32	654.779	2889.65	905.997	1966.9	960.382	577.562	693.595	979.969	-634.272	68.475	562.128	1.53361	6.05042	54.4986
71500	71.5	3.53063	7996.87	664.259	2803.04	839.544	1863.9	1083.72	575.933	687.174	938.747	-662.239	56.0959	498.26	3.29706	5.38488	51.9042
72000	72	3.63359	8230.07	636.666	2882.69	836.115	1950.55	929.546	594.201	660.929	961.021	-664.541	56.1596	571.962	0.675212	5.1448	50.0443
72500	72.5	3.56541	8075.65	688.49	2768.44	812.248	1937.03	966.765	601.336	650.819	928.478	-638.997	55.0561	558.851	-0.521482	6.14126	50.1567
73000	73	3.43965	7790.81	654.947	2909.11	913.707	1756.03	910.587	590.064	660.612	921.22	-632.185	51.8037	538.593	-0.112021	3.66734	54.2813
73500	73.5	3.41189	7727.94	719.58	2911.91	782.156	1881.33	800.677	596.107	651.968	853.313	-637.769	57.9153	564.38	0.766492	3.3481	56.7268
74000	74	3.49324	7912.18	619.697	2789.07	870.327	1877.91	885.344	589.185	651.628	857.212	-698.928	47.6232	534.316	0.490411	6.21127	52.4597
74500	74.5	3.56307	8070.34	591.973	2781.45	812.5	2119.31	956.724	588.504	658.659	887.944	-658.356	63.3236	550.973	1.61613	9.68369	65.8014
75000	75	3.65444	8277.31	725.124	2907.22	957.84	1895.41	993.301	578.888	673.442	923.715	-676.36	70.8425	535.921	-0.183121	7.35811	64.2773
75500	75.5	3.5275	7989.8	652.517	2899.8	874.715	1875.81	917.289	581.155	671.969	925.553	-662.58	73.8581	515.402	1.17612	5.36734	61.5548
76000	76	3.48372	7890.63	643.118	2998.48	946.46	1916.58	992.129	605.25	640.006	913.147	-601.116	61.7172	563.925	0.0843698	5.1999	58.7275
76500	76.5	3.51814	7968.59	706.247	2850.61	796.266	2005.89	869.401	610.737	637.466	945.968	-608.355	61.3354	602.125	-0.497553	8.80101	69.6264
77000	77	3.68225	8340.29	636.691	2917.86	764.405	1970.02	957.708	610.597	632.464	944.102	-687.882	70.4833	562.864	-0.728156	5.70372	47.4122
77500	77.5	3.54504	8029.51	663.324	2904.08	736.506	1759.07	907.146	606.402	631.938	889.926	-669.073	62.7708	532.789	-1.03147	4.68243	54.7757
78000	78	3.5175	7967.15	634.155	2916.55	799.887	1952.62	917.593	602.817	644.274	973.856	-677.278	75.6867	556.265	-0.303609	8.50642	57.1305
78500	78.5	3.59337	8138.98	686.762	2843.79	866.133	1871.41	1007.79	596.025	666.159	1015.18	-666.125	59.6912	589.28	0.00597209	7.37186	62.3099
79000	79	3.58901	8129.1	580.415	2865.1	870.138	1869.41	934.479	586.674	671.662	1009.71	-719.585	58.0048	540.046	0.251549	5.91742	51.3244
79500	79.5	3.56719	8079.68	691.185	2679.64	752.621	1952.26	1021.13	600.08	661.236	1036.62	-613.847	58.8568	610.337	0.720088	8.21519	51.018
80000	80	3.60757	8171.14	663.114	2822.89	888.966	2127.38	852.974	580.627	669.963	936.156	-582.799	77.281	549.015	1.45427	4.92733	66.7162
80500	80.5	3.50989	7949.89	655.197	2992.62	806.23	1859.22	970.884	577.928	682.478	909.247	-605.743	66.5426	556.053	-0.850444	7.15164	59.6025
81000	81	3.50448	7937.65	714.205	2833.49	813.373	1922.14	911.272	586.182	682.912	996.888	-578.516	62.6203	590.629	-0.314867	9.79301	56.538
81500	81.5	3.49852	7924.15	585.76	2826.62	781.941	2078.33	1122.87	580.665	679.729	965.474	-595.768	61.5963	556.74	1.0013	6.52138	62.5993
82000	82	3.54606	8031.83	590.357	2869.57	814.141	1843.99	1060.62	570.199	686.529	935.997	-611.382	63.6826	571.97	0.820016	7.50049	72.3523
82500	82.5	3.48994	7904.71	792.724	2844.1	756.16	1955.77	922.266	551.805	710.791	878.931	-643.907	80.9616	510.697	-0.00790502	5.00069	70.6698
83000	83	3.58098	8110.92	623.504	2966.21	862.655	1981.54	973.549	552.962	708.772	848.415	-612.422	72.07	522.542	2.55222	6.40199	69.8642
83500	83.5	3.49556	7917.45	700.736	2834.82	789.354	1741.54	976.797	562.965	689.117	887.687	-650.121	59.0563	535.958	2.88901	5.23228	61.522
84000	84	3.56195	8067.82	627.113	2950.24	883.053	1994.44	1074.27	556.318	711.602	1064.47	-587.711	70.0849	534.775	2.40756	7.96446	66.6793
84500	84.5	3.62021	8199.77	717.345	3141	824.791	1941.61	914.909	553.271	716.174	984.17	-648.118	93.1156	567.8	1.12386	9.30925	75.3655
85000	85	3.5276	7990.02	712.784	2871.38	875.688	1694.78	922.689	539.684	735.872	981.859	-575.023	79.1172	518.489	7.22652	8.6301	83.5541
85500	85.5	3.56573	8076.39	668.951	2898.2	914.035	1878.93	906.183	538.53	741.944	987.876	-637.27	73.3781	536.225	-0.324921	5.18908	76.2943
86000	86	3.39255	7684.13	746.331	2842.84	790.21	2084.72	925.278	542.585	742.398	1005.36	-654.06	69.0547	552.484	1.19344	6.27402	65.0136
86500	86.5	3.40075	7702.7	692.733	2889.51	782.517	2054.98	925.79	524.782	752.953	942.364	-633.119	92.0099	521.672	4.37784	4.08528	77.0698
87000	87	3.61661	8191.63	680.956	2981.23	849.438	1998.84	991.117	522.769	758.096	946.507	-645.846	75.6371	533.493	4.19737	5.0846	93.349
87500	87.5	3.60792	8171.93	626.071	2999.2	765.094	1890.35	790.074	517.567	756.58	921.122	-629.741	65.0171	507.295	2.53955	5.14297	88.9903
88000	88	3.52306	7979.72	696.316	2821.36	764.467	1946.08	1013.21	517.411	753.89	788.614	-689.709	62.3097	496.72	2.66957	4.33307	77.6522
88500	88.5	3.56931	8084.49	657.38	2725.95	862.48	2035.21	830.418	520.656	760.851	931.084	-676.44	71.7518	524.378	2.27278	4.80677	79.8535
89000	89	3.52436	7982.67	648.025	3115.08	797.399	2012.92	975.078	521.404	758.683	938.789	-685.958	98.6841	513.958	3.21344	6.75581	77.2367
89500	89.5	3.51311	7957.19	732.172	2831.19	810.989	1871.24	1070.33	541.98	722.421	867.649	-693.135	68.3729	535.913	2.6517	7.25496	63.8719
90000	90	3.542	8022.63	764.848	2743.15	759.658	1765.41	905.48	542.015	734.117	912.403	-694.541	62.9952	510.929	2.99888	4.84527	57.3567
90500	90.5	3.51905	7970.66	680.215	2918.65	921.501	1852.82	886.076	534.15	743.141	958.164	-754.134	73.5785	503.78	2.54486	3.22235	66.9877
91000	91	3.46869	7856.57	807.625	2700.01	796.344	1854.03	906.253	529.296	758.164	968.056	-700.108	58.9355	543.57	6.15927	5.82206	65.5924
91500	91.5	3.43578	7782.03	684.591	2845.53	962.17	1956.07	954.31	523.014	755.571	923.458	-721.309	79.2599	503.15	4.29555	2.5374	73.2332
92000	92	3.56046	8064.43	675.281	2827.55	846.183	1954.61	965.35	517.554	765.558	995.006	-722.621	77.7834	528.768	2.33731	2.51428	69.5718
92500	92.5	3.44184	7795.78	711.514	2886.77	866.474	1915.47	1039.78	519.758	763.769	913.134	-698.32	74.8541	534.73	7.52047	5.58658	73.5671
93000	93	3.53607	8009.2	654.75	2825.82	870.682	1935.86	893.255	528.78	751.116	931.549	-661.367	66.807	504.505	1.71702	5.50108	63.7286
93500	93.5	3.50837	7946.46	743.716	2954.52	881.329	1873.89	976.642	522.368	758.065	925.156	-704.626	75.3105	514.681	3.2967	3.75144	72.7945
94000	94	3.51857	7969.55	646.529	3016.78	978.016	1887.01	1107.81	522.512	766.026	997.316	-706.853	74.8743	507.169	0.826087	6.35626	61.7459
94500	94.5	3.5375	8012.44	631.859	2850.35	835.348	1797.75	1005.8	514.15	766.158	877.736	-716.919	65.8284	501.915	4.05684	4.5991	71.2594
95000	95	3.39858	7697.79	677.154	2915.01	851.671	1941.92	1043.85	514.663	769.016	978.187	-684.836	63.6675	508.035	6.92236	4.45551	74.5169
95500	95.5	3.64255	8250.37	654.626	2960.86	833.733	1891.68	781.123	516.195	768.97	961.18	-678.429	66.5852	538.071	3.21635	5.8806	82.3629
96000	96	3.4371	7785.03	736.372	2930.51	956.268	1851.27	920.697	510.148	774.878	936.586	-652.287	71.748	523.393	6.62133	3.2769	88.5896
96500	96.5	3.57783	8103.79	634.296	2906.89	783.961	1867.92	858.61	538.662	745.874	999.772	-642.902	78.2189	567.902	0.813465	5.58914	68.5907
97000	97	3.59972	8153.38	652.812	2689.28	868.327	1819.24	861.182	535.402	742.238	953.081	-707.579	59.3023	517.554	0.843184	2.79064	64.5682
97500	97.5	3.53078	7997.21	670.948	2862.94	803.417	1970.94	1002.89	537.775	728.845	918.277	-646.029	70.7157	544.052	6.17282	7.8477	84.5413
98000	98	3.48961	7903.97	662.146	2956.53	846.195	1874.99	955.255	555.954	717.671	930.093	-647.627	76.1057	576.424	6.91325	3.95256	64.0988
98500	98.5	3.57149	8089.42	785.635	3017.3	834.734	1915.46	958.839	538.128	730.707	923.935	-731.298	75.252	505.49	5.55752	3.40074	63.2596
99000	99	3.51433	7959.96	728.615	2870.31	895.082	1757.72	1015.59	560.901	702.839	952.197	-671.823	73.5822	559.159	2.455	5.78517	74.1482
99500	99.5	3.60239	8159.4	710.9	2856.42	850.506	2021.09	1074.47	560.862	692.111	858.706	-661.35	65.593	517.852	0.71191	6.29623	61.4432
100000	100	3.6864	8349.69	640.208	2870.31	834.185	1982.29	957.487	560.335	705.116	877.74	-605.958	60.423	528.194	5.25684	7.0207	61.7606
100500	100.5	3.44731	7808.17	795.823	2982.02	824.134	2026.19	1011.48	562.899	706.739	957.72	-702.121	70.3743	511.386	1.34101	5.35076	57.3748
101000	101	3.60503	8165.39	643.223	2867.73	825.864	2051.91	902.027	565.276	697.627	1010.31	-581.294	80.5385	545.627	2.52905	3.15975	59.5204
101500	101.5	3.68313	8342.29	612.568	2903.13	773.117	1980.36	958.427	573.699	701.03	1003.35	-628.468	76.4289	573.044	2.19434	7.55932	58.1818
102000	102	3.46301	7843.71	683.737	2994.11	969.432	1885.17	953.394	570.817	697.342	963.473	-654.822	71.1047	531.832	0.602434	6.87591	55.3984
102500	102.5	3.62941	8220.62	647.454	3014.16	910.151	1858.37	1003.97	569.783	692.981	961.878	-663.933	76.8309	538.222	2.01806	1.88445	62.9608
103000	103	3.50034	7928.27	672.933	2913.7	870.739	1702.68	927.742	577.21	694.007	946.918	-649.948	64.8058	545.74	0.508068	6.25734	54.687
103500	103.5	3.47697	7875.34	680.414	2763.75	804.169	1855.71	927.928	578.533	692.184	967.407	-636.468	66.6823	535.44	-0.320596	5.45542	44.2539
104000	104	3.46865	7856.49	712.885	2739.57	757.65	2023.17	1067.49	560.228	716.27	990.752	-621.114	66.4379	521.775	-0.0247997	11.4743	62.4841
104500	104.5	3.49456	7915.18	693.374	2935.53	872.98	2085.6	945.515	562.846	702.249	904.801	-626.373	77.5985	534.651	1.29745	11.9021	69.1157
105000	105	3.66342	8297.64	681.466	2895.31	881.075	1912.67	979.446	542.322	723.548	877.452	-660.827	72.9467	515.575	1.26507	5.23401	73.6598
105500	105.5	3.52606	7986.53	647.955	2962.61	801.392	1879.29	901.844	564.811	699.784	920.955	-602.663	64.4262	521.166	0.298532	6.73953	67.8174
106000	106	3.54755	8035.2	702.864	2894.75	892.639	1823.06	983.722	570.663	683.257	914.324	-657.598	60.7446	489.416	1.11667	4.03909	52.3465
106500	106.5	3.62106	8201.71	688.276	2954.67	781.811	1832.36	1057.18	583.81	662.687	915.803	-689.076	60.996	526.648	0.0207588	5.30621	58.0538
107000	107	3.44758	7808.76	662.193	2844.78	807.938	2052.86	1008.34	589.239	671.678	954.659	-662.099	56.2419	547.58	0.742653	5.96866	62.0536
107500	107.5	3.48739	7898.93	695.847	3032.41	895.131	2095.14	1033.67	573.436	681.549	958.754	-656.106	77.7224	541.846	3.64591	5.54462	66.5038
108000	108	3.45973	7836.29	706.137	2908.58	893.671	1993.04	921.892	560.707	709.281	954.334	-664.89	71.0511	524.389	3.79642	3.27813	66.8592
108500	108.5	3.41908	7744.22	625.534	2990	819.789	2023.16	1009.8	566.867	691.821	946.531	-649.969	71.2115	555.794	1.54467	2.51754	60.7716
109000	109	3.49535	7916.97	611.956	2976.27	842.666	1897.12	962.103	557.381	700.251	955.705	-690.285	82.5112	524.253	0.668332	5.43191	65.4305
109500	109.5	3.5571	8056.82	648.356	2938.37	817.097	1910.28	954.286	572.256	700.126	1046.69	-684.752	77.1996	550.198	1.779	8.30939	51.7071
110000	110	3.57624	8100.19	731.609	2800.03	806.432	1902.38	859.876	572.429	691.489	992.91	-661.655	63.0989	573.879	3.02598	4.28813	58.5993
110500	110.5	3.54427	8027.77	653.428	2746.33	868.131	1981.43	863.921	563.268	701.367	942.308	-649.023	64.683	541.349	1.95558	6.86262	65.3681
111000	111	3.51383	7958.81	697.72	3081.25	912.348	1932.63	868.877	570.756	684.502	930.942	-701.567	75.6204	521.187	3.45296	2.78331	54.3942
111500	111.5	3.51634	7964.52	639.698	2833.84	823.426	1955.03	1094.67	582.833	669.335	946.977	-695.079	87.8041	556.925	0.756053	6.40792	57.7538
112000	112	3.52714	7988.97	682.922	2923.22	833.396	1901.97	1023.96	581.668	686.861	1011.27	-705.558	63.0777	562.562	1.59806	3.46314	69.6314
112500	112.5	3.48555	7894.77	618.042	2905.48	732.91	1884.12	928.902	556.454	714.28	954.646	-685.496	67.1747	530.507	1.8904	11.4821	65.8118
113000	113	3.46216	7841.79	658.839	2932.07	824.159	1985.58	939.746	550.396	712.929	925.324	-681.76	67.7046	513.561	5.04255	6.28466	61.218
113500	113.5	3.46606	7850.62	696.274	2918.47	828.002	1841.54	954.158	555.056	715.245	971.942	-663.323	77.348	538.353	7.82383	2.5747	58.4351
114000	114	3.43809	7787.27	647.127	2841.26	817.602	1878.59	999.653	546.873	720.502	922.6	-668.901	77.8619	519.972	2.71685	4.14987	61.3424
114500	114.5	3.42117	7748.95	724.119	2918.55	788.937	1874.17	884.177	551.728	717.393	856.865	-673.189	69.0573	507.322	3.3081	5.45844	60.6438
115000	115	3.55721	8057.09	704.551	2950.51	698.008	1988.85	996.541	551.118	724.107	880.527	-710.238	63.1713	499.002	2.31253	7.36183	41.9243
115500	115.5	3.44673	7806.85	716.53	2839.08	796.334	1889.88	947.893	539.439	732.526	959.307	-696.762	72.7642	512.093	5.13591	7.68977	66.6967
116000	116	3.51106	7952.55	682.979	3006.01	835.798	1925.02	888.748	543.59	726.934	915.158	-710.382	78.115	518.725	1.36244	5.06052	72.1908
116500	116.5	3.589	8129.08	697.304	2779.6	876.388	1942.28	886.324	556.876	703.547	885.705	-671.243	64.5819	539.927	5.95359	4.8453	64.482
117000	117	3.52335	7980.38	623.045	2863.74	884.25	1899.52	928.564	557.026	707.661	964.555	-661.601	66.3784	539.266	1.94164	6.24967	69.6549
117500	117.5	3.55762	8058	636.433	2768.5	839.568	1864.34	977.983	549.337	714.34	919.962	-688.645	69.752	521.708	2.77001	7.4315	78.999
118000	118	3.61905	8197.14	764.722	3135.26	914.845	1863.88	900.384	558.791	704.821	946.844	-757.6	76.4705	520.713	4.51054	4.11431	56.4335
118500	118.5	3.47566	7872.37	609.243	2860.39	868.573	1967.46	916.703	577.858	680.317	980.628	-716.691	54.897	519.517	0.537192	8.0639	60.8685
119000	119	3.47161	7863.19	629.868	3076.21	816.315	1849.37	938.94	560.395	710.918	1047.23	-699.03	80.8791	564.892	4.39415	4.09847	65.5562
119500	119.5	3.50956	7949.16	684.662	2868.35	886.126	1964.72	940.995	566.868	695.282	1006.19	-735.535	87.9867	521.411	4.32594	5.16038	44.1823
120000	120	3.44716	7807.81	695.499	2940.34	875.112	1808.11	986.741	572.552	688.169	929.087	-711.58	68.8037	551.349	2.79472	4.14898	57.7574
